2023-04-24 01:15:52.596  INFO [alaje-notification-service,,,] 4244 --- [restartedMain] o.s.b.devtools.restart.ChangeableUrls    : The Class-Path manifest attribute in C:\Users\User\.m2\repository\com\sun\xml\bind\jaxb-core\2.3.0.1\jaxb-core-2.3.0.1.jar referenced one or more files that do not exist: file:/C:/Users/User/.m2/repository/com/sun/xml/bind/jaxb-core/2.3.0.1/jaxb-api.jar
2023-04-24 01:15:52.616  INFO [alaje-notification-service,,,] 4244 --- [restartedMain] o.s.b.devtools.restart.ChangeableUrls    : The Class-Path manifest attribute in C:\Users\User\.m2\repository\com\sun\xml\bind\jaxb-impl\2.3.1\jaxb-impl-2.3.1.jar referenced one or more files that do not exist: file:/C:/Users/User/.m2/repository/com/sun/xml/bind/jaxb-impl/2.3.1/jaxb-runtime-2.3.1.jar,file:/C:/Users/User/.m2/repository/com/sun/xml/bind/jaxb-impl/2.3.1/txw2-2.3.1.jar,file:/C:/Users/User/.m2/repository/com/sun/xml/bind/jaxb-impl/2.3.1/istack-commons-runtime-3.0.7.jar,file:/C:/Users/User/.m2/repository/com/sun/xml/bind/jaxb-impl/2.3.1/stax-ex-1.8.jar,file:/C:/Users/User/.m2/repository/com/sun/xml/bind/jaxb-impl/2.3.1/FastInfoset-1.2.15.jar,file:/C:/Users/User/.m2/repository/com/sun/xml/bind/jaxb-impl/2.3.1/javax.activation-api-1.2.0.jar
2023-04-24 01:15:52.627  INFO [alaje-notification-service,,,] 4244 --- [restartedMain] .e.DevToolsPropertyDefaultsPostProcessor : Devtools property defaults active! Set 'spring.devtools.add-properties' to 'false' to disable
2023-04-24 01:15:53.834  INFO [alaje-notification-service,,,] 4244 --- [restartedMain] ptablePropertiesBeanFactoryPostProcessor : Post-processing PropertySource instances
2023-04-24 01:15:54.036  INFO [alaje-notification-service,,,] 4244 --- [restartedMain] c.u.j.EncryptablePropertySourceConverter : Converting PropertySource configurationProperties [org.springframework.boot.context.properties.source.ConfigurationPropertySourcesPropertySource] to AOP Proxy
2023-04-24 01:15:54.041  INFO [alaje-notification-service,,,] 4244 --- [restartedMain] c.u.j.EncryptablePropertySourceConverter : Converting PropertySource bootstrap [org.springframework.core.env.MapPropertySource] to EncryptableMapPropertySourceWrapper
2023-04-24 01:15:54.043  INFO [alaje-notification-service,,,] 4244 --- [restartedMain] c.u.j.EncryptablePropertySourceConverter : Converting PropertySource systemProperties [org.springframework.core.env.PropertiesPropertySource] to EncryptableMapPropertySourceWrapper
2023-04-24 01:15:54.045  INFO [alaje-notification-service,,,] 4244 --- [restartedMain] c.u.j.EncryptablePropertySourceConverter : Converting PropertySource systemEnvironment [org.springframework.boot.env.SystemEnvironmentPropertySourceEnvironmentPostProcessor$OriginAwareSystemEnvironmentPropertySource] to EncryptableSystemEnvironmentPropertySourceWrapper
2023-04-24 01:15:54.046  INFO [alaje-notification-service,,,] 4244 --- [restartedMain] c.u.j.EncryptablePropertySourceConverter : Converting PropertySource random [org.springframework.boot.env.RandomValuePropertySource] to EncryptablePropertySourceWrapper
2023-04-24 01:15:54.047  INFO [alaje-notification-service,,,] 4244 --- [restartedMain] c.u.j.EncryptablePropertySourceConverter : Converting PropertySource springCloudClientHostInfo [org.springframework.core.env.MapPropertySource] to EncryptableMapPropertySourceWrapper
2023-04-24 01:15:54.048  INFO [alaje-notification-service,,,] 4244 --- [restartedMain] c.u.j.EncryptablePropertySourceConverter : Converting PropertySource applicationConfig: [classpath:/bootstrap-dev.properties] [org.springframework.boot.env.OriginTrackedMapPropertySource] to EncryptableMapPropertySourceWrapper
2023-04-24 01:15:54.049  INFO [alaje-notification-service,,,] 4244 --- [restartedMain] c.u.j.EncryptablePropertySourceConverter : Converting PropertySource applicationConfig: [classpath:/bootstrap.properties] [org.springframework.boot.env.OriginTrackedMapPropertySource] to EncryptableMapPropertySourceWrapper
2023-04-24 01:15:54.050  INFO [alaje-notification-service,,,] 4244 --- [restartedMain] c.u.j.EncryptablePropertySourceConverter : Converting PropertySource devtools [org.springframework.core.env.MapPropertySource] to EncryptableMapPropertySourceWrapper
2023-04-24 01:15:54.051  INFO [alaje-notification-service,,,] 4244 --- [restartedMain] c.u.j.EncryptablePropertySourceConverter : Converting PropertySource defaultProperties [org.springframework.core.env.MapPropertySource] to EncryptableMapPropertySourceWrapper
2023-04-24 01:15:54.206  INFO [alaje-notification-service,,,] 4244 --- [restartedMain] c.u.j.filter.DefaultLazyPropertyFilter   : Property Filter custom Bean not found with name 'encryptablePropertyFilter'. Initializing Default Property Filter
2023-04-24 01:15:54.272  INFO [alaje-notification-service,,,] 4244 --- [restartedMain] c.u.j.r.DefaultLazyPropertyResolver      : Property Resolver custom Bean not found with name 'encryptablePropertyResolver'. Initializing Default Property Resolver
2023-04-24 01:15:54.283  INFO [alaje-notification-service,,,] 4244 --- [restartedMain] c.u.j.d.DefaultLazyPropertyDetector      : Property Detector custom Bean not found with name 'encryptablePropertyDetector'. Initializing Default Property Detector
2023-04-24 01:15:55.199  INFO [,,,] 4244 --- [restartedMain] c.c.c.ConfigServicePropertySourceLocator : Fetching config from server at : http://localhost:8888
2023-04-24 01:15:55.290 DEBUG [,,,] 4244 --- [restartedMain] o.s.web.client.RestTemplate              : HTTP GET http://localhost:8888/alaje-notification-service/dev
2023-04-24 01:15:55.530 DEBUG [,,,] 4244 --- [restartedMain] o.s.web.client.RestTemplate              : Accept=[application/json, application/*+json]
2023-04-24 01:15:55.552  INFO [,,,] 4244 --- [restartedMain] c.c.c.ConfigServicePropertySourceLocator : Connect Timeout Exception on Url - http://localhost:8888. Will be trying the next url if available
2023-04-24 01:15:55.553  WARN [,,,] 4244 --- [restartedMain] c.c.c.ConfigServicePropertySourceLocator : Could not locate PropertySource: I/O error on GET request for "http://localhost:8888/alaje-notification-service/dev": Connection refused: no further information; nested exception is java.net.ConnectException: Connection refused: no further information
2023-04-24 01:15:55.562  INFO [,,,] 4244 --- [restartedMain] c.a.n.NotificationServiceApplication     : The following profiles are active: dev
2023-04-24 01:16:02.702  INFO [,,,] 4244 --- [restartedMain] .s.d.r.c.RepositoryConfigurationDelegate : Bootstrapping Spring Data JPA repositories in DEFAULT mode.
2023-04-24 01:16:03.350  INFO [,,,] 4244 --- [restartedMain] .s.d.r.c.RepositoryConfigurationDelegate : Finished Spring Data repository scanning in 623ms. Found 2 JPA repository interfaces.
2023-04-24 01:16:04.836  INFO [,,,] 4244 --- [restartedMain] o.s.cloud.context.scope.GenericScope     : BeanFactory id=53a67503-8064-3d29-9554-7e586e031e4f
2023-04-24 01:16:04.943  INFO [,,,] 4244 --- [restartedMain] ptablePropertiesBeanFactoryPostProcessor : Post-processing PropertySource instances
2023-04-24 01:16:04.984  INFO [,,,] 4244 --- [restartedMain] c.u.j.EncryptablePropertySourceConverter : Converting PropertySource configurationProperties [org.springframework.boot.context.properties.source.ConfigurationPropertySourcesPropertySource] to AOP Proxy
2023-04-24 01:16:04.985  INFO [,,,] 4244 --- [restartedMain] c.u.j.EncryptablePropertySourceConverter : Converting PropertySource servletConfigInitParams [org.springframework.core.env.PropertySource$StubPropertySource] to EncryptablePropertySourceWrapper
2023-04-24 01:16:04.986  INFO [,,,] 4244 --- [restartedMain] c.u.j.EncryptablePropertySourceConverter : Converting PropertySource servletContextInitParams [org.springframework.core.env.PropertySource$StubPropertySource] to EncryptablePropertySourceWrapper
2023-04-24 01:16:04.987  INFO [,,,] 4244 --- [restartedMain] c.u.j.EncryptablePropertySourceConverter : Converting PropertySource systemProperties [org.springframework.core.env.PropertiesPropertySource] to EncryptableMapPropertySourceWrapper
2023-04-24 01:16:04.987  INFO [,,,] 4244 --- [restartedMain] c.u.j.EncryptablePropertySourceConverter : Converting PropertySource systemEnvironment [org.springframework.boot.env.SystemEnvironmentPropertySourceEnvironmentPostProcessor$OriginAwareSystemEnvironmentPropertySource] to EncryptableSystemEnvironmentPropertySourceWrapper
2023-04-24 01:16:04.990  INFO [,,,] 4244 --- [restartedMain] c.u.j.EncryptablePropertySourceConverter : Converting PropertySource random [org.springframework.boot.env.RandomValuePropertySource] to EncryptablePropertySourceWrapper
2023-04-24 01:16:04.991  INFO [,,,] 4244 --- [restartedMain] c.u.j.EncryptablePropertySourceConverter : Converting PropertySource springCloudClientHostInfo [org.springframework.core.env.MapPropertySource] to EncryptableMapPropertySourceWrapper
2023-04-24 01:16:04.992  INFO [,,,] 4244 --- [restartedMain] c.u.j.EncryptablePropertySourceConverter : Converting PropertySource applicationConfig: [classpath:/application.properties] [org.springframework.boot.env.OriginTrackedMapPropertySource] to EncryptableMapPropertySourceWrapper
2023-04-24 01:16:04.992  INFO [,,,] 4244 --- [restartedMain] c.u.j.EncryptablePropertySourceConverter : Converting PropertySource devtools [org.springframework.core.env.MapPropertySource] to EncryptableMapPropertySourceWrapper
2023-04-24 01:16:04.993  INFO [,,,] 4244 --- [restartedMain] c.u.j.EncryptablePropertySourceConverter : Converting PropertySource springCloudDefaultProperties [org.springframework.core.env.MapPropertySource] to EncryptableMapPropertySourceWrapper
2023-04-24 01:16:04.995  INFO [,,,] 4244 --- [restartedMain] c.u.j.EncryptablePropertySourceConverter : Converting PropertySource cachedrandom [org.springframework.cloud.util.random.CachedRandomPropertySource] to EncryptablePropertySourceWrapper
2023-04-24 01:16:04.995  INFO [,,,] 4244 --- [restartedMain] c.u.j.EncryptablePropertySourceConverter : Converting PropertySource defaultProperties [org.springframework.core.env.MapPropertySource] to EncryptableMapPropertySourceWrapper
2023-04-24 01:16:05.279  INFO [,,,] 4244 --- [restartedMain] c.u.j.filter.DefaultLazyPropertyFilter   : Property Filter custom Bean not found with name 'encryptablePropertyFilter'. Initializing Default Property Filter
2023-04-24 01:16:06.406  INFO [,,,] 4244 --- [restartedMain] trationDelegate$BeanPostProcessorChecker : Bean 'org.springframework.security.access.expression.method.DefaultMethodSecurityExpressionHandler@25af03' of type [org.springframework.security.oauth2.provider.expression.OAuth2MethodSecurityExpressionHandler] is not eligible for getting processed by all BeanPostProcessors (for example: not eligible for auto-proxying)
2023-04-24 01:16:06.475  INFO [,,,] 4244 --- [restartedMain] trationDelegate$BeanPostProcessorChecker : Bean 'methodSecurityMetadataSource' of type [org.springframework.security.access.method.DelegatingMethodSecurityMetadataSource] is not eligible for getting processed by all BeanPostProcessors (for example: not eligible for auto-proxying)
2023-04-24 01:16:07.155  INFO [,,,] 4244 --- [restartedMain] c.u.j.r.DefaultLazyPropertyResolver      : Property Resolver custom Bean not found with name 'encryptablePropertyResolver'. Initializing Default Property Resolver
2023-04-24 01:16:07.156  INFO [,,,] 4244 --- [restartedMain] c.u.j.d.DefaultLazyPropertyDetector      : Property Detector custom Bean not found with name 'encryptablePropertyDetector'. Initializing Default Property Detector
2023-04-24 01:16:07.626  INFO [,,,] 4244 --- [restartedMain] org.eclipse.jetty.util.log               : Logging initialized @42727ms to org.eclipse.jetty.util.log.Slf4jLog
2023-04-24 01:16:09.566  INFO [,,,] 4244 --- [restartedMain] o.s.b.w.e.j.JettyServletWebServerFactory : Server initialized with port: 8087
2023-04-24 01:16:09.577  INFO [,,,] 4244 --- [restartedMain] org.eclipse.jetty.server.Server          : jetty-9.4.36.v20210114; built: 2021-01-14T16:44:28.689Z; git: 238ec6997c7806b055319a6d11f8ae7564adc0de; jvm 16.0.1+9-24
2023-04-24 01:16:09.671  INFO [,,,] 4244 --- [restartedMain] o.e.j.s.h.ContextHandler.application     : Initializing Spring embedded WebApplicationContext
2023-04-24 01:16:09.672  INFO [,,,] 4244 --- [restartedMain] w.s.c.ServletWebServerApplicationContext : Root WebApplicationContext: initialization completed in 14049 ms
2023-04-24 01:16:11.038  INFO [,,,] 4244 --- [restartedMain] com.zaxxer.hikari.HikariDataSource       : HikariPool-1 - Starting...
2023-04-24 01:16:12.320  INFO [,,,] 4244 --- [restartedMain] com.zaxxer.hikari.HikariDataSource       : HikariPool-1 - Start completed.
2023-04-24 01:16:12.340  INFO [,,,] 4244 --- [restartedMain] o.s.b.a.h2.H2ConsoleAutoConfiguration    : H2 console available at '/h2-console'. Database available at 'jdbc:mysql://localhost:3306/alaje_notification?createDatabaseIfNotExist=true&useUnicode=true&useJDBCCompliantTimezoneShift=true&useLegacyDatetimeCode=false&serverTimezone=Africa/Lagos'
2023-04-24 01:16:15.261  INFO [,,,] 4244 --- [restartedMain] o.apache.camel.support.LRUCacheFactory   : Detected and using LRUCacheFactory: camel-caffeine-lrucache
2023-04-24 01:16:20.133  INFO [,,,] 4244 --- [restartedMain] org.eclipse.jetty.server.session         : DefaultSessionIdManager workerName=node0
2023-04-24 01:16:20.134  INFO [,,,] 4244 --- [restartedMain] org.eclipse.jetty.server.session         : No SessionScavenger set, using defaults
2023-04-24 01:16:20.144  INFO [,,,] 4244 --- [restartedMain] org.eclipse.jetty.server.session         : node0 Scavenging every 660000ms
2023-04-24 01:16:20.190  INFO [,,,] 4244 --- [restartedMain] o.e.jetty.server.handler.ContextHandler  : Started o.s.b.w.e.j.JettyEmbeddedWebAppContext@18bc8818{application,/api/v1,[file:///C:/Users/User/AppData/Local/Temp/jetty-docbase.8087.225515249580648038/, jar:file:/C:/Users/User/.m2/repository/io/springfox/springfox-swagger-ui/2.9.2/springfox-swagger-ui-2.9.2.jar!/META-INF/resources],AVAILABLE}
2023-04-24 01:16:20.194  INFO [,,,] 4244 --- [restartedMain] org.eclipse.jetty.server.Server          : Started @55295ms
2023-04-24 01:16:20.552  INFO [,,,] 4244 --- [restartedMain] o.f.c.internal.license.VersionPrinter    : Flyway Community Edition 6.5.7 by Redgate
2023-04-24 01:16:20.727  INFO [,,,] 4244 --- [restartedMain] o.f.c.internal.database.DatabaseFactory  : Database: jdbc:mysql://localhost:3306/alaje_notification (MySQL 8.0)
2023-04-24 01:16:21.026  INFO [,,,] 4244 --- [restartedMain] o.f.core.internal.command.DbValidate     : Successfully validated 1 migration (execution time 00:00.135s)
2023-04-24 01:16:21.059  INFO [,,,] 4244 --- [restartedMain] o.f.core.internal.command.DbMigrate      : Current version of schema `alaje_notification`: 1.1.0
2023-04-24 01:16:21.062  INFO [,,,] 4244 --- [restartedMain] o.f.core.internal.command.DbMigrate      : Schema `alaje_notification` is up to date. No migration necessary.
2023-04-24 01:16:25.233  INFO [,,,] 4244 --- [restartedMain] j.LocalContainerEntityManagerFactoryBean : Initialized JPA EntityManagerFactory for persistence unit 'default'
2023-04-24 01:16:25.470  INFO [,,,] 4244 --- [restartedMain] o.s.b.d.a.OptionalLiveReloadServer       : LiveReload server is running on port 35729
2023-04-24 01:16:29.395  INFO [,,,] 4244 --- [restartedMain] o.s.s.concurrent.ThreadPoolTaskExecutor  : Initializing ExecutorService 'clientInboundChannelExecutor'
2023-04-24 01:16:29.523  INFO [,,,] 4244 --- [restartedMain] o.s.s.concurrent.ThreadPoolTaskExecutor  : Initializing ExecutorService 'clientOutboundChannelExecutor'
2023-04-24 01:16:31.234 DEBUG [,,,] 4244 --- [restartedMain] s.w.s.m.m.a.RequestMappingHandlerMapping : 21 mappings in 'requestMappingHandlerMapping'
2023-04-24 01:16:32.937  INFO [,,,] 4244 --- [restartedMain] o.s.s.web.DefaultSecurityFilterChain     : Creating filter chain: Ant [pattern='/auth-server/**', POST], []
2023-04-24 01:16:32.938  INFO [,,,] 4244 --- [restartedMain] o.s.s.web.DefaultSecurityFilterChain     : Creating filter chain: Ant [pattern='/**', PUT], []
2023-04-24 01:16:32.940  INFO [,,,] 4244 --- [restartedMain] o.s.s.web.DefaultSecurityFilterChain     : Creating filter chain: Ant [pattern='/', GET], []
2023-04-24 01:16:32.940  INFO [,,,] 4244 --- [restartedMain] o.s.s.web.DefaultSecurityFilterChain     : Creating filter chain: Ant [pattern='/webjars/**', GET], []
2023-04-24 01:16:32.941  INFO [,,,] 4244 --- [restartedMain] o.s.s.web.DefaultSecurityFilterChain     : Creating filter chain: Ant [pattern='/*.html', GET], []
2023-04-24 01:16:32.942  INFO [,,,] 4244 --- [restartedMain] o.s.s.web.DefaultSecurityFilterChain     : Creating filter chain: Ant [pattern='/favicon.ico', GET], []
2023-04-24 01:16:32.943  INFO [,,,] 4244 --- [restartedMain] o.s.s.web.DefaultSecurityFilterChain     : Creating filter chain: Ant [pattern='/**/*.html', GET], []
2023-04-24 01:16:32.944  INFO [,,,] 4244 --- [restartedMain] o.s.s.web.DefaultSecurityFilterChain     : Creating filter chain: Ant [pattern='/**/*.css', GET], []
2023-04-24 01:16:32.944  INFO [,,,] 4244 --- [restartedMain] o.s.s.web.DefaultSecurityFilterChain     : Creating filter chain: Ant [pattern='/**/*.js', GET], []
2023-04-24 01:16:32.944  INFO [,,,] 4244 --- [restartedMain] o.s.s.web.DefaultSecurityFilterChain     : Creating filter chain: Ant [pattern='/api/user/registration-confirm', GET], []
2023-04-24 01:16:32.945  INFO [,,,] 4244 --- [restartedMain] o.s.s.web.DefaultSecurityFilterChain     : Creating filter chain: Ant [pattern='/v1/api-docs'], []
2023-04-24 01:16:32.945  INFO [,,,] 4244 --- [restartedMain] o.s.s.web.DefaultSecurityFilterChain     : Creating filter chain: Ant [pattern='/v2/api-docs'], []
2023-04-24 01:16:32.945  INFO [,,,] 4244 --- [restartedMain] o.s.s.web.DefaultSecurityFilterChain     : Creating filter chain: Ant [pattern='/swagger-resources/**'], []
2023-04-24 01:16:32.946  INFO [,,,] 4244 --- [restartedMain] o.s.s.web.DefaultSecurityFilterChain     : Creating filter chain: Ant [pattern='swagger-ui.html'], []
2023-04-24 01:16:32.946  INFO [,,,] 4244 --- [restartedMain] o.s.s.web.DefaultSecurityFilterChain     : Creating filter chain: Ant [pattern='/configuration/**'], []
2023-04-24 01:16:32.947  INFO [,,,] 4244 --- [restartedMain] o.s.s.web.DefaultSecurityFilterChain     : Creating filter chain: Ant [pattern='/webjars/**'], []
2023-04-24 01:16:32.947  INFO [,,,] 4244 --- [restartedMain] o.s.s.web.DefaultSecurityFilterChain     : Creating filter chain: Ant [pattern='/actuator/**'], []
2023-04-24 01:16:32.947  INFO [,,,] 4244 --- [restartedMain] o.s.s.web.DefaultSecurityFilterChain     : Creating filter chain: Ant [pattern='/public/**'], []
2023-04-24 01:16:33.302  INFO [,,,] 4244 --- [restartedMain] o.s.s.web.DefaultSecurityFilterChain     : Creating filter chain: RequestHeaderRequestMatcher [expectedHeaderName=Authorization, expectedHeaderValue=null], [org.springframework.security.web.context.request.async.WebAsyncManagerIntegrationFilter@3980b20e, org.springframework.security.web.context.SecurityContextPersistenceFilter@81a0d42, org.springframework.security.web.header.HeaderWriterFilter@376da0e1, org.springframework.security.web.authentication.logout.LogoutFilter@57d0a159, org.springframework.security.oauth2.provider.authentication.OAuth2AuthenticationProcessingFilter@2d7c7980, org.springframework.security.web.savedrequest.RequestCacheAwareFilter@60c4c07d, org.springframework.security.web.servletapi.SecurityContextHolderAwareRequestFilter@40c1db6, org.springframework.security.web.authentication.AnonymousAuthenticationFilter@3ae1385f, org.springframework.security.web.session.SessionManagementFilter@34ee539e, org.springframework.security.web.access.ExceptionTranslationFilter@3ac5300c, org.springframework.security.web.access.intercept.FilterSecurityInterceptor@48197a50]
2023-04-24 01:16:33.340  INFO [,,,] 4244 --- [restartedMain] o.s.s.web.DefaultSecurityFilterChain     : Creating filter chain: any request, [org.springframework.security.web.context.request.async.WebAsyncManagerIntegrationFilter@46a37cb1, org.springframework.security.web.context.SecurityContextPersistenceFilter@bff76db, org.springframework.security.web.header.HeaderWriterFilter@700b66dd, org.springframework.security.web.authentication.logout.LogoutFilter@412e05fd, org.springframework.security.web.savedrequest.RequestCacheAwareFilter@38cb5ef8, org.springframework.security.web.servletapi.SecurityContextHolderAwareRequestFilter@135dfab2, org.springframework.security.web.authentication.AnonymousAuthenticationFilter@3b12a1e4, org.springframework.security.web.session.SessionManagementFilter@408c4c97, org.springframework.security.web.access.ExceptionTranslationFilter@32703ef2, org.springframework.security.web.access.intercept.FilterSecurityInterceptor@60082241]
2023-04-24 01:16:33.706  INFO [,,,] 4244 --- [restartedMain] pertySourcedRequestMappingHandlerMapping : Mapped URL path [/v2/api-docs] onto method [springfox.documentation.swagger2.web.Swagger2Controller#getDocumentation(String, HttpServletRequest)]
2023-04-24 01:16:33.943  INFO [,,,] 4244 --- [restartedMain] o.s.s.c.ThreadPoolTaskScheduler          : Initializing ExecutorService 'messageBrokerTaskScheduler'
2023-04-24 01:16:34.118 DEBUG [,,,] 4244 --- [restartedMain] o.s.w.s.s.s.WebSocketHandlerMapping      : Patterns [/live/**] in 'stompWebSocketHandlerMapping'
2023-04-24 01:16:34.203  INFO [,,,] 4244 --- [restartedMain] o.s.s.concurrent.ThreadPoolTaskExecutor  : Initializing ExecutorService 'brokerChannelExecutor'
2023-04-24 01:16:34.406 DEBUG [,,,] 4244 --- [restartedMain] .WebSocketAnnotationMethodMessageHandler : 
	c.a.n.r.CssResource:
	
2023-04-24 01:16:34.410 DEBUG [,,,] 4244 --- [restartedMain] .WebSocketAnnotationMethodMessageHandler : 
	c.a.n.r.EmailSetUpResource:
	
2023-04-24 01:16:34.413 DEBUG [,,,] 4244 --- [restartedMain] .WebSocketAnnotationMethodMessageHandler : 
	c.a.n.r.FragmentResource:
	
2023-04-24 01:16:34.413 DEBUG [,,,] 4244 --- [restartedMain] .WebSocketAnnotationMethodMessageHandler : 
	c.a.n.r.NotifyResource:
	
2023-04-24 01:16:34.414 DEBUG [,,,] 4244 --- [restartedMain] .WebSocketAnnotationMethodMessageHandler : 
	c.a.n.r.TestResource:
	
2023-04-24 01:16:34.418 DEBUG [,,,] 4244 --- [restartedMain] .WebSocketAnnotationMethodMessageHandler : 
	s.d.s.w.ApiResourceController:
	
2023-04-24 01:16:34.421 DEBUG [,,,] 4244 --- [restartedMain] .WebSocketAnnotationMethodMessageHandler : 
	o.s.b.a.w.s.e.BasicErrorController:
	
2023-04-24 01:16:34.764  WARN [,,,] 4244 --- [restartedMain] c.n.c.sources.URLConfigurationSource     : No URLs will be polled as dynamic configuration sources.
2023-04-24 01:16:34.765  INFO [,,,] 4244 --- [restartedMain] c.n.c.sources.URLConfigurationSource     : To enable URLs as dynamic configuration sources, define System property archaius.configurationSource.additionalUrls or make config.properties available on classpath.
2023-04-24 01:16:34.785  WARN [,,,] 4244 --- [restartedMain] c.n.c.sources.URLConfigurationSource     : No URLs will be polled as dynamic configuration sources.
2023-04-24 01:16:34.785  INFO [,,,] 4244 --- [restartedMain] c.n.c.sources.URLConfigurationSource     : To enable URLs as dynamic configuration sources, define System property archaius.configurationSource.additionalUrls or make config.properties available on classpath.
2023-04-24 01:16:35.374 DEBUG [,,,] 4244 --- [restartedMain] s.w.s.m.m.a.RequestMappingHandlerAdapter : ControllerAdvice beans: 0 @ModelAttribute, 0 @InitBinder, 1 RequestBodyAdvice, 1 ResponseBodyAdvice
2023-04-24 01:16:35.578 DEBUG [,,,] 4244 --- [restartedMain] o.s.w.s.handler.SimpleUrlHandlerMapping  : Patterns [/css/**, /webjars/**, /**] in 'resourceHandlerMapping'
2023-04-24 01:16:35.740 DEBUG [,,,] 4244 --- [restartedMain] .m.m.a.ExceptionHandlerExceptionResolver : ControllerAdvice beans: 0 @ExceptionHandler, 1 ResponseBodyAdvice
2023-04-24 01:16:38.923  WARN [,,,] 4244 --- [restartedMain] s.o.SpringCloudSecurityAutoConfiguration : All Spring Cloud Security modules and starters are deprecated. They will be moved to individual projects in the next major release.
2023-04-24 01:16:39.567  INFO [,,,] 4244 --- [restartedMain] o.e.j.s.h.ContextHandler.application     : Initializing Spring DispatcherServlet 'dispatcherServlet'
2023-04-24 01:16:39.567  INFO [,,,] 4244 --- [restartedMain] o.s.web.servlet.DispatcherServlet        : Initializing Servlet 'dispatcherServlet'
2023-04-24 01:16:39.569 DEBUG [,,,] 4244 --- [restartedMain] o.s.web.servlet.DispatcherServlet        : Detected StandardServletMultipartResolver
2023-04-24 01:16:39.621 DEBUG [,,,] 4244 --- [restartedMain] o.s.web.servlet.DispatcherServlet        : enableLoggingRequestDetails='false': request parameters and headers will be masked to prevent unsafe logging of potentially sensitive data
2023-04-24 01:16:39.622  INFO [,,,] 4244 --- [restartedMain] o.s.web.servlet.DispatcherServlet        : Completed initialization in 54 ms
2023-04-24 01:16:39.702  INFO [,,,] 4244 --- [restartedMain] o.e.jetty.server.AbstractConnector       : Started ServerConnector@7f6deaae{HTTP/1.1, (http/1.1)}{0.0.0.0:8087}
2023-04-24 01:16:39.706  INFO [,,,] 4244 --- [restartedMain] o.s.b.web.embedded.jetty.JettyWebServer  : Jetty started on port(s) 8087 (http/1.1) with context path '/api/v1'
2023-04-24 01:16:40.958  INFO [,,,] 4244 --- [restartedMain] o.s.b.w.e.j.JettyServletWebServerFactory : Server initialized with port: 18087
2023-04-24 01:16:40.959  INFO [,,,] 4244 --- [restartedMain] org.eclipse.jetty.server.Server          : jetty-9.4.36.v20210114; built: 2021-01-14T16:44:28.689Z; git: 238ec6997c7806b055319a6d11f8ae7564adc0de; jvm 16.0.1+9-24
2023-04-24 01:16:40.964  INFO [,,,] 4244 --- [restartedMain] o.e.j.s.h.ContextHandler.application     : Initializing Spring embedded WebApplicationContext
2023-04-24 01:16:40.965  INFO [,,,] 4244 --- [restartedMain] w.s.c.ServletWebServerApplicationContext : Root WebApplicationContext: initialization completed in 615 ms
2023-04-24 01:16:40.979  INFO [,,,] 4244 --- [restartedMain] org.eclipse.jetty.server.session         : DefaultSessionIdManager workerName=node0
2023-04-24 01:16:40.980  INFO [,,,] 4244 --- [restartedMain] org.eclipse.jetty.server.session         : No SessionScavenger set, using defaults
2023-04-24 01:16:40.981  INFO [,,,] 4244 --- [restartedMain] org.eclipse.jetty.server.session         : node0 Scavenging every 660000ms
2023-04-24 01:16:40.984  INFO [,,,] 4244 --- [restartedMain] o.e.jetty.server.handler.ContextHandler  : Started o.s.b.w.e.j.JettyEmbeddedWebAppContext@76d65606{application,/,[file:///C:/Users/User/AppData/Local/Temp/jetty-docbase.18087.6394088217085746911/, jar:file:/C:/Users/User/.m2/repository/io/springfox/springfox-swagger-ui/2.9.2/springfox-swagger-ui-2.9.2.jar!/META-INF/resources],AVAILABLE}
2023-04-24 01:16:40.985  INFO [,,,] 4244 --- [restartedMain] org.eclipse.jetty.server.Server          : Started @76086ms
2023-04-24 01:16:41.019  INFO [,,,] 4244 --- [restartedMain] o.s.b.a.e.web.EndpointLinksResolver      : Exposing 19 endpoint(s) beneath base path '/actuator'
2023-04-24 01:16:41.094 DEBUG [,,,] 4244 --- [restartedMain] s.w.s.m.m.a.RequestMappingHandlerMapping : 1 mappings in 'requestMappingHandlerMapping'
2023-04-24 01:16:41.119 DEBUG [,,,] 4244 --- [restartedMain] o.s.w.s.handler.SimpleUrlHandlerMapping  : Patterns [/css/**] in 'resourceHandlerMapping'
2023-04-24 01:16:41.182 DEBUG [,,,] 4244 --- [restartedMain] s.w.s.m.m.a.RequestMappingHandlerAdapter : ControllerAdvice beans: 0 @ModelAttribute, 0 @InitBinder, 1 RequestBodyAdvice, 1 ResponseBodyAdvice
2023-04-24 01:16:41.205  INFO [,,,] 4244 --- [restartedMain] o.e.j.s.h.ContextHandler.application     : Initializing Spring DispatcherServlet 'dispatcherServlet'
2023-04-24 01:16:41.220  INFO [,,,] 4244 --- [restartedMain] o.s.web.servlet.DispatcherServlet        : Initializing Servlet 'dispatcherServlet'
2023-04-24 01:16:41.224 DEBUG [,,,] 4244 --- [restartedMain] o.s.web.servlet.DispatcherServlet        : Detected StandardServletMultipartResolver
2023-04-24 01:16:41.228 DEBUG [,,,] 4244 --- [restartedMain] o.s.web.servlet.DispatcherServlet        : enableLoggingRequestDetails='false': request parameters and headers will be masked to prevent unsafe logging of potentially sensitive data
2023-04-24 01:16:41.228  INFO [,,,] 4244 --- [restartedMain] o.s.web.servlet.DispatcherServlet        : Completed initialization in 5 ms
2023-04-24 01:16:41.279  INFO [,,,] 4244 --- [restartedMain] o.e.jetty.server.AbstractConnector       : Started ServerConnector@76bfbf5c{HTTP/1.1, (http/1.1)}{0.0.0.0:18087}
2023-04-24 01:16:41.280  INFO [,,,] 4244 --- [restartedMain] o.s.b.web.embedded.jetty.JettyWebServer  : Jetty started on port(s) 18087 (http/1.1) with context path '/'
2023-04-24 01:16:41.951  INFO [,,,] 4244 --- [restartedMain] d.s.w.p.DocumentationPluginsBootstrapper : Context refreshed
2023-04-24 01:16:42.011  INFO [,,,] 4244 --- [restartedMain] d.s.w.p.DocumentationPluginsBootstrapper : Found 1 custom documentation plugin(s)
2023-04-24 01:16:42.118  INFO [,,,] 4244 --- [restartedMain] s.d.s.w.s.ApiListingReferenceScanner     : Scanning for api listing references
2023-04-24 01:16:42.796  INFO [,,,] 4244 --- [restartedMain] .d.s.w.r.o.CachingOperationNameGenerator : Generating unique operation named: fetchEmailSetupUsingGET_1
2023-04-24 01:16:42.961  INFO [,,,] 4244 --- [restartedMain] .d.s.w.r.o.CachingOperationNameGenerator : Generating unique operation named: fetchNotifyModelUsingGET_1
2023-04-24 01:16:42.981  INFO [,,,] 4244 --- [restartedMain] .d.s.w.r.o.CachingOperationNameGenerator : Generating unique operation named: fetchNotifyModelUsingGET_2
2023-04-24 01:16:43.044  INFO [,,,] 4244 --- [restartedMain] o.s.a.r.c.CachingConnectionFactory       : Attempting to connect to: [localhost:5672]
2023-04-24 01:16:43.205  INFO [,,,] 4244 --- [restartedMain] o.s.a.r.c.CachingConnectionFactory       : Created new connection: rabbitConnectionFactory#61346b69:0/SimpleConnection@4c154943 [delegate=amqp://guest@127.0.0.1:5672/, localPort= 52683]
2023-04-24 01:16:43.640 DEBUG [,,,] 4244 --- [restartedMain] org.springframework.web.SimpLogging      : clientOutboundChannel added SubProtocolWebSocketHandler[StompSubProtocolHandler[v10.stomp, v11.stomp, v12.stomp]]
2023-04-24 01:16:43.648 DEBUG [,,,] 4244 --- [restartedMain] org.springframework.web.SimpLogging      : clientInboundChannel added WebSocketAnnotationMethodMessageHandler[prefixes=[/topic/]]
2023-04-24 01:16:43.649  INFO [,,,] 4244 --- [restartedMain] o.s.m.s.b.SimpleBrokerMessageHandler     : Starting...
2023-04-24 01:16:43.650 DEBUG [,,,] 4244 --- [restartedMain] org.springframework.web.SimpLogging      : clientInboundChannel added SimpleBrokerMessageHandler [DefaultSubscriptionRegistry[cache[0 destination(s)], registry[0 sessions]]]
2023-04-24 01:16:43.651 DEBUG [,,,] 4244 --- [restartedMain] org.springframework.web.SimpLogging      : brokerChannel added SimpleBrokerMessageHandler [DefaultSubscriptionRegistry[cache[0 destination(s)], registry[0 sessions]]]
2023-04-24 01:16:43.651  INFO [,,,] 4244 --- [restartedMain] o.s.m.s.b.SimpleBrokerMessageHandler     : BrokerAvailabilityEvent[available=true, SimpleBrokerMessageHandler [DefaultSubscriptionRegistry[cache[0 destination(s)], registry[0 sessions]]]]
2023-04-24 01:16:43.654  INFO [,,,] 4244 --- [restartedMain] o.s.m.s.b.SimpleBrokerMessageHandler     : Started.
2023-04-24 01:16:43.657 DEBUG [,,,] 4244 --- [restartedMain] org.springframework.web.SimpLogging      : clientInboundChannel added UserDestinationMessageHandler[DefaultUserDestinationResolver[prefix=/user/]]
2023-04-24 01:16:43.657 DEBUG [,,,] 4244 --- [restartedMain] org.springframework.web.SimpLogging      : brokerChannel added UserDestinationMessageHandler[DefaultUserDestinationResolver[prefix=/user/]]
2023-04-24 01:16:43.676  INFO [,,,] 4244 --- [restartedMain] o.a.c.s.boot.SpringBootRoutesCollector   : Loading additional Camel XML routes from: classpath:camel/*.xml
2023-04-24 01:16:43.678  INFO [,,,] 4244 --- [restartedMain] o.a.c.s.boot.SpringBootRoutesCollector   : Loading additional Camel XML route templates from: classpath:camel-template/*.xml
2023-04-24 01:16:43.680  INFO [,,,] 4244 --- [restartedMain] o.a.c.s.boot.SpringBootRoutesCollector   : Loading additional Camel XML rests from: classpath:camel-rest/*.xml
2023-04-24 01:16:43.810  INFO [,,,] 4244 --- [restartedMain] o.a.c.impl.engine.AbstractCamelContext   : Apache Camel 3.5.0 (camel-1) is starting
2023-04-24 01:16:43.853  INFO [,,,] 4244 --- [restartedMain] o.a.c.impl.engine.AbstractCamelContext   : StreamCaching is not in use. If using streams then its recommended to enable stream caching. See more details at http://camel.apache.org/stream-caching.html
2023-04-24 01:16:43.853  INFO [,,,] 4244 --- [restartedMain] o.a.c.impl.engine.AbstractCamelContext   : Using HealthCheck: camel-spring-boot
2023-04-24 01:16:43.855  INFO [,,,] 4244 --- [restartedMain] o.a.c.impl.engine.AbstractCamelContext   : Total 0 routes, of which 0 are started
2023-04-24 01:16:43.856  INFO [,,,] 4244 --- [restartedMain] o.a.c.impl.engine.AbstractCamelContext   : Apache Camel 3.5.0 (camel-1) started in 0.045 seconds
2023-04-24 01:16:43.980  INFO [,,,] 4244 --- [restartedMain] c.a.n.NotificationServiceApplication     : Started NotificationServiceApplication in 54.187 seconds (JVM running for 79.081)
2023-04-24 01:17:34.205 ERROR [,,,] 4244 --- [MessageBroker-1] o.s.s.s.TaskUtils$LoggingErrorHandler    : Unexpected error occurred in scheduled task

java.lang.reflect.InaccessibleObjectException: Unable to make protected java.util.concurrent.RunnableScheduledFuture java.util.concurrent.ScheduledThreadPoolExecutor.decorateTask(java.lang.Runnable,java.util.concurrent.RunnableScheduledFuture) accessible: module java.base does not "opens java.util.concurrent" to unnamed module @3bbc39f8
	at java.base/java.lang.reflect.AccessibleObject.checkCanSetAccessible(AccessibleObject.java:357) ~[na:na]
	at java.base/java.lang.reflect.AccessibleObject.checkCanSetAccessible(AccessibleObject.java:297) ~[na:na]
	at java.base/java.lang.reflect.Method.checkCanSetAccessible(Method.java:199) ~[na:na]
	at java.base/java.lang.reflect.Method.setAccessible(Method.java:193) ~[na:na]
	at org.springframework.util.ReflectionUtils.makeAccessible(ReflectionUtils.java:570) ~[spring-core-5.2.13.RELEASE.jar:5.2.13.RELEASE]
	at org.springframework.cloud.sleuth.instrument.async.LazyTraceScheduledThreadPoolExecutor.makeAccessibleIfNotNull(LazyTraceScheduledThreadPoolExecutor.java:121) ~[spring-cloud-sleuth-core-2.2.8.RELEASE.jar:2.2.8.RELEASE]
	at org.springframework.cloud.sleuth.instrument.async.LazyTraceScheduledThreadPoolExecutor.<init>(LazyTraceScheduledThreadPoolExecutor.java:205) ~[spring-cloud-sleuth-core-2.2.8.RELEASE.jar:2.2.8.RELEASE]
	at org.springframework.cloud.sleuth.instrument.async.LazyTraceThreadPoolTaskScheduler.getScheduledThreadPoolExecutor(LazyTraceThreadPoolTaskScheduler.java:181) ~[spring-cloud-sleuth-core-2.2.8.RELEASE.jar:2.2.8.RELEASE]
	at java.base/jdk.internal.reflect.NativeMethodAccessorImpl.invoke0(Native Method) ~[na:na]
	at java.base/jdk.internal.reflect.NativeMethodAccessorImpl.invoke(NativeMethodAccessorImpl.java:78) ~[na:na]
	at java.base/jdk.internal.reflect.DelegatingMethodAccessorImpl.invoke(DelegatingMethodAccessorImpl.java:43) ~[na:na]
	at java.base/java.lang.reflect.Method.invoke(Method.java:567) ~[na:na]
	at org.springframework.cloud.sleuth.instrument.async.ExecutorMethodInterceptor.invoke(ExecutorBeanPostProcessor.java:356) ~[spring-cloud-sleuth-core-2.2.8.RELEASE.jar:2.2.8.RELEASE]
	at org.springframework.aop.framework.ReflectiveMethodInvocation.proceed(ReflectiveMethodInvocation.java:186) ~[spring-aop-5.2.13.RELEASE.jar:5.2.13.RELEASE]
	at org.springframework.aop.framework.CglibAopProxy$CglibMethodInvocation.proceed(CglibAopProxy.java:749) ~[spring-aop-5.2.13.RELEASE.jar:5.2.13.RELEASE]
	at org.springframework.aop.framework.CglibAopProxy$DynamicAdvisedInterceptor.intercept(CglibAopProxy.java:691) ~[spring-aop-5.2.13.RELEASE.jar:5.2.13.RELEASE]
	at org.springframework.scheduling.concurrent.ThreadPoolTaskScheduler$$EnhancerBySpringCGLIB$$e72a25ce.getScheduledThreadPoolExecutor(<generated>) ~[spring-context-5.2.13.RELEASE.jar:5.2.13.RELEASE]
	at org.springframework.web.socket.config.WebSocketMessageBrokerStats.getSockJsTaskSchedulerStatsInfo(WebSocketMessageBrokerStats.java:198) ~[spring-websocket-5.2.13.RELEASE.jar:5.2.13.RELEASE]
	at org.springframework.web.socket.config.WebSocketMessageBrokerStats.toString(WebSocketMessageBrokerStats.java:219) ~[spring-websocket-5.2.13.RELEASE.jar:5.2.13.RELEASE]
	at org.springframework.web.socket.config.WebSocketMessageBrokerStats.lambda$initLoggingTask$0(WebSocketMessageBrokerStats.java:126) ~[spring-websocket-5.2.13.RELEASE.jar:5.2.13.RELEASE]
	at org.springframework.scheduling.support.DelegatingErrorHandlingRunnable.run(DelegatingErrorHandlingRunnable.java:54) ~[spring-context-5.2.13.RELEASE.jar:5.2.13.RELEASE]
	at java.base/java.util.concurrent.Executors$RunnableAdapter.call(Executors.java:515) ~[na:na]
	at java.base/java.util.concurrent.FutureTask.runAndReset(FutureTask.java:305) ~[na:na]
	at java.base/java.util.concurrent.ScheduledThreadPoolExecutor$ScheduledFutureTask.run(ScheduledThreadPoolExecutor.java:305) ~[na:na]
	at java.base/java.util.concurrent.ThreadPoolExecutor.runWorker(ThreadPoolExecutor.java:1130) ~[na:na]
	at java.base/java.util.concurrent.ThreadPoolExecutor$Worker.run(ThreadPoolExecutor.java:630) ~[na:na]
	at java.base/java.lang.Thread.run(Thread.java:831) ~[na:na]

2023-04-24 01:33:49.686  INFO [,,,] 4244 --- [SpringContextShutdownHook] o.e.jetty.server.AbstractConnector       : Stopped ServerConnector@76bfbf5c{HTTP/1.1, (http/1.1)}{0.0.0.0:18087}
2023-04-24 01:33:49.688  INFO [,,,] 4244 --- [SpringContextShutdownHook] org.eclipse.jetty.server.session         : node0 Stopped scavenging
2023-04-24 01:33:49.690  INFO [,,,] 4244 --- [SpringContextShutdownHook] o.e.j.s.h.ContextHandler.application     : Destroying Spring FrameworkServlet 'dispatcherServlet'
2023-04-24 01:33:49.693  INFO [,,,] 4244 --- [SpringContextShutdownHook] o.e.jetty.server.handler.ContextHandler  : Stopped o.s.b.w.e.j.JettyEmbeddedWebAppContext@76d65606{application,/,[file:///C:/Users/User/AppData/Local/Temp/jetty-docbase.18087.6394088217085746911/, jar:file:/C:/Users/User/.m2/repository/io/springfox/springfox-swagger-ui/2.9.2/springfox-swagger-ui-2.9.2.jar!/META-INF/resources],STOPPED}
2023-04-24 01:33:49.783  INFO [,,,] 4244 --- [SpringContextShutdownHook] o.s.a.r.l.SimpleMessageListenerContainer : Waiting for workers to finish.
2023-04-24 01:33:50.391  INFO [,,,] 4244 --- [SpringContextShutdownHook] o.s.a.r.l.SimpleMessageListenerContainer : Successfully waited for workers to finish.
2023-04-24 01:33:50.394  INFO [,,,] 4244 --- [SpringContextShutdownHook] o.s.a.r.l.SimpleMessageListenerContainer : Waiting for workers to finish.
2023-04-24 01:33:50.418  INFO [,,,] 4244 --- [SpringContextShutdownHook] o.s.a.r.l.SimpleMessageListenerContainer : Successfully waited for workers to finish.
2023-04-24 01:33:50.419 DEBUG [,,,] 4244 --- [SpringContextShutdownHook] org.springframework.web.SimpLogging      : clientOutboundChannel removed SubProtocolWebSocketHandler[StompSubProtocolHandler[v10.stomp, v11.stomp, v12.stomp]]
2023-04-24 01:33:50.420 DEBUG [,,,] 4244 --- [SpringContextShutdownHook] org.springframework.web.SimpLogging      : clientInboundChannel removed WebSocketAnnotationMethodMessageHandler[prefixes=[/topic/]]
2023-04-24 01:33:50.420  INFO [,,,] 4244 --- [SpringContextShutdownHook] o.s.m.s.b.SimpleBrokerMessageHandler     : Stopping...
2023-04-24 01:33:50.421  INFO [,,,] 4244 --- [SpringContextShutdownHook] o.s.m.s.b.SimpleBrokerMessageHandler     : BrokerAvailabilityEvent[available=false, SimpleBrokerMessageHandler [DefaultSubscriptionRegistry[cache[0 destination(s)], registry[0 sessions]]]]
2023-04-24 01:33:50.421 DEBUG [,,,] 4244 --- [SpringContextShutdownHook] org.springframework.web.SimpLogging      : clientInboundChannel removed SimpleBrokerMessageHandler [DefaultSubscriptionRegistry[cache[0 destination(s)], registry[0 sessions]]]
2023-04-24 01:33:50.422 DEBUG [,,,] 4244 --- [SpringContextShutdownHook] org.springframework.web.SimpLogging      : brokerChannel removed SimpleBrokerMessageHandler [DefaultSubscriptionRegistry[cache[0 destination(s)], registry[0 sessions]]]
2023-04-24 01:33:50.422  INFO [,,,] 4244 --- [SpringContextShutdownHook] o.s.m.s.b.SimpleBrokerMessageHandler     : Stopped.
2023-04-24 01:33:50.422 DEBUG [,,,] 4244 --- [SpringContextShutdownHook] org.springframework.web.SimpLogging      : clientInboundChannel removed UserDestinationMessageHandler[DefaultUserDestinationResolver[prefix=/user/]]
2023-04-24 01:33:50.423 DEBUG [,,,] 4244 --- [SpringContextShutdownHook] org.springframework.web.SimpLogging      : brokerChannel removed UserDestinationMessageHandler[DefaultUserDestinationResolver[prefix=/user/]]
2023-04-24 01:33:50.427  INFO [,,,] 4244 --- [SpringContextShutdownHook] o.a.c.impl.engine.AbstractCamelContext   : Apache Camel 3.5.0 (camel-1) is shutting down
2023-04-24 01:33:50.443  INFO [,,,] 4244 --- [SpringContextShutdownHook] o.a.c.impl.engine.AbstractCamelContext   : Apache Camel 3.5.0 (camel-1) uptime 17 minutes
2023-04-24 01:33:50.443  INFO [,,,] 4244 --- [SpringContextShutdownHook] o.a.c.impl.engine.AbstractCamelContext   : Apache Camel 3.5.0 (camel-1) is shutdown in 0.016 seconds
2023-04-24 01:33:50.446  INFO [,,,] 4244 --- [SpringContextShutdownHook] o.e.jetty.server.AbstractConnector       : Stopped ServerConnector@7f6deaae{HTTP/1.1, (http/1.1)}{0.0.0.0:8087}
2023-04-24 01:33:50.446  INFO [,,,] 4244 --- [SpringContextShutdownHook] org.eclipse.jetty.server.session         : node0 Stopped scavenging
2023-04-24 01:33:50.448  INFO [,,,] 4244 --- [SpringContextShutdownHook] o.e.j.s.h.ContextHandler.application     : Destroying Spring FrameworkServlet 'dispatcherServlet'
2023-04-24 01:33:50.449  INFO [,,,] 4244 --- [SpringContextShutdownHook] o.e.jetty.server.handler.ContextHandler  : Stopped o.s.b.w.e.j.JettyEmbeddedWebAppContext@18bc8818{application,/api/v1,[file:///C:/Users/User/AppData/Local/Temp/jetty-docbase.8087.225515249580648038/, jar:file:/C:/Users/User/.m2/repository/io/springfox/springfox-swagger-ui/2.9.2/springfox-swagger-ui-2.9.2.jar!/META-INF/resources],STOPPED}
2023-04-24 01:33:50.510  INFO [,,,] 4244 --- [SpringContextShutdownHook] o.s.s.concurrent.ThreadPoolTaskExecutor  : Shutting down ExecutorService 'brokerChannelExecutor'
2023-04-24 01:33:50.512  INFO [,,,] 4244 --- [SpringContextShutdownHook] o.s.s.c.ThreadPoolTaskScheduler          : Shutting down ExecutorService 'messageBrokerTaskScheduler'
2023-04-24 01:33:50.513  INFO [,,,] 4244 --- [SpringContextShutdownHook] o.s.a.r.l.SimpleMessageListenerContainer : Shutdown ignored - container is not active already
2023-04-24 01:33:50.515  INFO [,,,] 4244 --- [SpringContextShutdownHook] o.s.a.r.l.SimpleMessageListenerContainer : Shutdown ignored - container is not active already
2023-04-24 01:33:50.538  INFO [,,,] 4244 --- [SpringContextShutdownHook] o.s.s.concurrent.ThreadPoolTaskExecutor  : Shutting down ExecutorService 'clientOutboundChannelExecutor'
2023-04-24 01:33:50.540  INFO [,,,] 4244 --- [SpringContextShutdownHook] o.s.s.concurrent.ThreadPoolTaskExecutor  : Shutting down ExecutorService 'clientInboundChannelExecutor'
2023-04-24 01:33:50.544  INFO [,,,] 4244 --- [SpringContextShutdownHook] j.LocalContainerEntityManagerFactoryBean : Closing JPA EntityManagerFactory for persistence unit 'default'
2023-04-24 01:33:50.565  INFO [,,,] 4244 --- [SpringContextShutdownHook] com.zaxxer.hikari.HikariDataSource       : HikariPool-1 - Shutdown initiated...
2023-04-24 01:33:50.588  INFO [,,,] 4244 --- [SpringContextShutdownHook] com.zaxxer.hikari.HikariDataSource       : HikariPool-1 - Shutdown completed.
2023-04-24 01:34:07.818  INFO [alaje-notification-service,,,] 12816 --- [restartedMain] o.s.b.devtools.restart.ChangeableUrls    : The Class-Path manifest attribute in C:\Users\User\.m2\repository\com\sun\xml\bind\jaxb-core\2.3.0.1\jaxb-core-2.3.0.1.jar referenced one or more files that do not exist: file:/C:/Users/User/.m2/repository/com/sun/xml/bind/jaxb-core/2.3.0.1/jaxb-api.jar
2023-04-24 01:34:07.827  INFO [alaje-notification-service,,,] 12816 --- [restartedMain] o.s.b.devtools.restart.ChangeableUrls    : The Class-Path manifest attribute in C:\Users\User\.m2\repository\com\sun\xml\bind\jaxb-impl\2.3.1\jaxb-impl-2.3.1.jar referenced one or more files that do not exist: file:/C:/Users/User/.m2/repository/com/sun/xml/bind/jaxb-impl/2.3.1/jaxb-runtime-2.3.1.jar,file:/C:/Users/User/.m2/repository/com/sun/xml/bind/jaxb-impl/2.3.1/txw2-2.3.1.jar,file:/C:/Users/User/.m2/repository/com/sun/xml/bind/jaxb-impl/2.3.1/istack-commons-runtime-3.0.7.jar,file:/C:/Users/User/.m2/repository/com/sun/xml/bind/jaxb-impl/2.3.1/stax-ex-1.8.jar,file:/C:/Users/User/.m2/repository/com/sun/xml/bind/jaxb-impl/2.3.1/FastInfoset-1.2.15.jar,file:/C:/Users/User/.m2/repository/com/sun/xml/bind/jaxb-impl/2.3.1/javax.activation-api-1.2.0.jar
2023-04-24 01:34:07.828  INFO [alaje-notification-service,,,] 12816 --- [restartedMain] .e.DevToolsPropertyDefaultsPostProcessor : Devtools property defaults active! Set 'spring.devtools.add-properties' to 'false' to disable
2023-04-24 01:34:09.357  INFO [alaje-notification-service,,,] 12816 --- [restartedMain] ptablePropertiesBeanFactoryPostProcessor : Post-processing PropertySource instances
2023-04-24 01:34:09.706  INFO [alaje-notification-service,,,] 12816 --- [restartedMain] c.u.j.EncryptablePropertySourceConverter : Converting PropertySource configurationProperties [org.springframework.boot.context.properties.source.ConfigurationPropertySourcesPropertySource] to AOP Proxy
2023-04-24 01:34:09.711  INFO [alaje-notification-service,,,] 12816 --- [restartedMain] c.u.j.EncryptablePropertySourceConverter : Converting PropertySource bootstrap [org.springframework.core.env.MapPropertySource] to EncryptableMapPropertySourceWrapper
2023-04-24 01:34:09.712  INFO [alaje-notification-service,,,] 12816 --- [restartedMain] c.u.j.EncryptablePropertySourceConverter : Converting PropertySource systemProperties [org.springframework.core.env.PropertiesPropertySource] to EncryptableMapPropertySourceWrapper
2023-04-24 01:34:09.713  INFO [alaje-notification-service,,,] 12816 --- [restartedMain] c.u.j.EncryptablePropertySourceConverter : Converting PropertySource systemEnvironment [org.springframework.boot.env.SystemEnvironmentPropertySourceEnvironmentPostProcessor$OriginAwareSystemEnvironmentPropertySource] to EncryptableSystemEnvironmentPropertySourceWrapper
2023-04-24 01:34:09.715  INFO [alaje-notification-service,,,] 12816 --- [restartedMain] c.u.j.EncryptablePropertySourceConverter : Converting PropertySource random [org.springframework.boot.env.RandomValuePropertySource] to EncryptablePropertySourceWrapper
2023-04-24 01:34:09.716  INFO [alaje-notification-service,,,] 12816 --- [restartedMain] c.u.j.EncryptablePropertySourceConverter : Converting PropertySource springCloudClientHostInfo [org.springframework.core.env.MapPropertySource] to EncryptableMapPropertySourceWrapper
2023-04-24 01:34:09.717  INFO [alaje-notification-service,,,] 12816 --- [restartedMain] c.u.j.EncryptablePropertySourceConverter : Converting PropertySource applicationConfig: [classpath:/bootstrap-dev.properties] [org.springframework.boot.env.OriginTrackedMapPropertySource] to EncryptableMapPropertySourceWrapper
2023-04-24 01:34:09.718  INFO [alaje-notification-service,,,] 12816 --- [restartedMain] c.u.j.EncryptablePropertySourceConverter : Converting PropertySource applicationConfig: [classpath:/bootstrap.properties] [org.springframework.boot.env.OriginTrackedMapPropertySource] to EncryptableMapPropertySourceWrapper
2023-04-24 01:34:09.719  INFO [alaje-notification-service,,,] 12816 --- [restartedMain] c.u.j.EncryptablePropertySourceConverter : Converting PropertySource devtools [org.springframework.core.env.MapPropertySource] to EncryptableMapPropertySourceWrapper
2023-04-24 01:34:09.721  INFO [alaje-notification-service,,,] 12816 --- [restartedMain] c.u.j.EncryptablePropertySourceConverter : Converting PropertySource defaultProperties [org.springframework.core.env.MapPropertySource] to EncryptableMapPropertySourceWrapper
2023-04-24 01:34:09.959  INFO [alaje-notification-service,,,] 12816 --- [restartedMain] c.u.j.filter.DefaultLazyPropertyFilter   : Property Filter custom Bean not found with name 'encryptablePropertyFilter'. Initializing Default Property Filter
2023-04-24 01:34:10.076  INFO [alaje-notification-service,,,] 12816 --- [restartedMain] c.u.j.r.DefaultLazyPropertyResolver      : Property Resolver custom Bean not found with name 'encryptablePropertyResolver'. Initializing Default Property Resolver
2023-04-24 01:34:10.091  INFO [alaje-notification-service,,,] 12816 --- [restartedMain] c.u.j.d.DefaultLazyPropertyDetector      : Property Detector custom Bean not found with name 'encryptablePropertyDetector'. Initializing Default Property Detector
2023-04-24 01:34:12.273  INFO [,,,] 12816 --- [restartedMain] c.c.c.ConfigServicePropertySourceLocator : Fetching config from server at : http://localhost:8888
2023-04-24 01:34:12.646 DEBUG [,,,] 12816 --- [restartedMain] o.s.web.client.RestTemplate              : HTTP GET http://localhost:8888/alaje-notification-service/dev
2023-04-24 01:34:12.938 DEBUG [,,,] 12816 --- [restartedMain] o.s.web.client.RestTemplate              : Accept=[application/json, application/*+json]
2023-04-24 01:34:12.961  INFO [,,,] 12816 --- [restartedMain] c.c.c.ConfigServicePropertySourceLocator : Connect Timeout Exception on Url - http://localhost:8888. Will be trying the next url if available
2023-04-24 01:34:12.962  WARN [,,,] 12816 --- [restartedMain] c.c.c.ConfigServicePropertySourceLocator : Could not locate PropertySource: I/O error on GET request for "http://localhost:8888/alaje-notification-service/dev": Connection refused: no further information; nested exception is java.net.ConnectException: Connection refused: no further information
2023-04-24 01:34:13.028  INFO [,,,] 12816 --- [restartedMain] c.a.n.NotificationServiceApplication     : The following profiles are active: dev
2023-04-24 01:34:23.093  INFO [,,,] 12816 --- [restartedMain] .s.d.r.c.RepositoryConfigurationDelegate : Bootstrapping Spring Data JPA repositories in DEFAULT mode.
2023-04-24 01:34:24.139  INFO [,,,] 12816 --- [restartedMain] .s.d.r.c.RepositoryConfigurationDelegate : Finished Spring Data repository scanning in 1011ms. Found 2 JPA repository interfaces.
2023-04-24 01:34:26.284  INFO [,,,] 12816 --- [restartedMain] o.s.cloud.context.scope.GenericScope     : BeanFactory id=53a67503-8064-3d29-9554-7e586e031e4f
2023-04-24 01:34:26.395  INFO [,,,] 12816 --- [restartedMain] ptablePropertiesBeanFactoryPostProcessor : Post-processing PropertySource instances
2023-04-24 01:34:26.442  INFO [,,,] 12816 --- [restartedMain] c.u.j.EncryptablePropertySourceConverter : Converting PropertySource configurationProperties [org.springframework.boot.context.properties.source.ConfigurationPropertySourcesPropertySource] to AOP Proxy
2023-04-24 01:34:26.445  INFO [,,,] 12816 --- [restartedMain] c.u.j.EncryptablePropertySourceConverter : Converting PropertySource servletConfigInitParams [org.springframework.core.env.PropertySource$StubPropertySource] to EncryptablePropertySourceWrapper
2023-04-24 01:34:26.451  INFO [,,,] 12816 --- [restartedMain] c.u.j.EncryptablePropertySourceConverter : Converting PropertySource servletContextInitParams [org.springframework.core.env.PropertySource$StubPropertySource] to EncryptablePropertySourceWrapper
2023-04-24 01:34:26.451  INFO [,,,] 12816 --- [restartedMain] c.u.j.EncryptablePropertySourceConverter : Converting PropertySource systemProperties [org.springframework.core.env.PropertiesPropertySource] to EncryptableMapPropertySourceWrapper
2023-04-24 01:34:26.452  INFO [,,,] 12816 --- [restartedMain] c.u.j.EncryptablePropertySourceConverter : Converting PropertySource systemEnvironment [org.springframework.boot.env.SystemEnvironmentPropertySourceEnvironmentPostProcessor$OriginAwareSystemEnvironmentPropertySource] to EncryptableSystemEnvironmentPropertySourceWrapper
2023-04-24 01:34:26.452  INFO [,,,] 12816 --- [restartedMain] c.u.j.EncryptablePropertySourceConverter : Converting PropertySource random [org.springframework.boot.env.RandomValuePropertySource] to EncryptablePropertySourceWrapper
2023-04-24 01:34:26.454  INFO [,,,] 12816 --- [restartedMain] c.u.j.EncryptablePropertySourceConverter : Converting PropertySource springCloudClientHostInfo [org.springframework.core.env.MapPropertySource] to EncryptableMapPropertySourceWrapper
2023-04-24 01:34:26.454  INFO [,,,] 12816 --- [restartedMain] c.u.j.EncryptablePropertySourceConverter : Converting PropertySource applicationConfig: [classpath:/application.properties] [org.springframework.boot.env.OriginTrackedMapPropertySource] to EncryptableMapPropertySourceWrapper
2023-04-24 01:34:26.455  INFO [,,,] 12816 --- [restartedMain] c.u.j.EncryptablePropertySourceConverter : Converting PropertySource devtools [org.springframework.core.env.MapPropertySource] to EncryptableMapPropertySourceWrapper
2023-04-24 01:34:26.456  INFO [,,,] 12816 --- [restartedMain] c.u.j.EncryptablePropertySourceConverter : Converting PropertySource springCloudDefaultProperties [org.springframework.core.env.MapPropertySource] to EncryptableMapPropertySourceWrapper
2023-04-24 01:34:26.457  INFO [,,,] 12816 --- [restartedMain] c.u.j.EncryptablePropertySourceConverter : Converting PropertySource cachedrandom [org.springframework.cloud.util.random.CachedRandomPropertySource] to EncryptablePropertySourceWrapper
2023-04-24 01:34:26.459  INFO [,,,] 12816 --- [restartedMain] c.u.j.EncryptablePropertySourceConverter : Converting PropertySource defaultProperties [org.springframework.core.env.MapPropertySource] to EncryptableMapPropertySourceWrapper
2023-04-24 01:34:26.801  INFO [,,,] 12816 --- [restartedMain] c.u.j.filter.DefaultLazyPropertyFilter   : Property Filter custom Bean not found with name 'encryptablePropertyFilter'. Initializing Default Property Filter
2023-04-24 01:34:29.222  INFO [,,,] 12816 --- [restartedMain] trationDelegate$BeanPostProcessorChecker : Bean 'org.springframework.security.access.expression.method.DefaultMethodSecurityExpressionHandler@1e993954' of type [org.springframework.security.oauth2.provider.expression.OAuth2MethodSecurityExpressionHandler] is not eligible for getting processed by all BeanPostProcessors (for example: not eligible for auto-proxying)
2023-04-24 01:34:29.361  INFO [,,,] 12816 --- [restartedMain] trationDelegate$BeanPostProcessorChecker : Bean 'methodSecurityMetadataSource' of type [org.springframework.security.access.method.DelegatingMethodSecurityMetadataSource] is not eligible for getting processed by all BeanPostProcessors (for example: not eligible for auto-proxying)
2023-04-24 01:34:31.206  INFO [,,,] 12816 --- [restartedMain] c.u.j.r.DefaultLazyPropertyResolver      : Property Resolver custom Bean not found with name 'encryptablePropertyResolver'. Initializing Default Property Resolver
2023-04-24 01:34:31.238  INFO [,,,] 12816 --- [restartedMain] c.u.j.d.DefaultLazyPropertyDetector      : Property Detector custom Bean not found with name 'encryptablePropertyDetector'. Initializing Default Property Detector
2023-04-24 01:34:31.937  INFO [,,,] 12816 --- [restartedMain] org.eclipse.jetty.util.log               : Logging initialized @31094ms to org.eclipse.jetty.util.log.Slf4jLog
2023-04-24 01:34:34.928  INFO [,,,] 12816 --- [restartedMain] o.s.b.w.e.j.JettyServletWebServerFactory : Server initialized with port: 8087
2023-04-24 01:34:34.944  INFO [,,,] 12816 --- [restartedMain] org.eclipse.jetty.server.Server          : jetty-9.4.36.v20210114; built: 2021-01-14T16:44:28.689Z; git: 238ec6997c7806b055319a6d11f8ae7564adc0de; jvm 16.0.1+9-24
2023-04-24 01:34:35.120  INFO [,,,] 12816 --- [restartedMain] o.e.j.s.h.ContextHandler.application     : Initializing Spring embedded WebApplicationContext
2023-04-24 01:34:35.122  INFO [,,,] 12816 --- [restartedMain] w.s.c.ServletWebServerApplicationContext : Root WebApplicationContext: initialization completed in 22025 ms
2023-04-24 01:34:37.329  INFO [,,,] 12816 --- [restartedMain] com.zaxxer.hikari.HikariDataSource       : HikariPool-1 - Starting...
2023-04-24 01:34:40.531  INFO [,,,] 12816 --- [restartedMain] com.zaxxer.hikari.HikariDataSource       : HikariPool-1 - Start completed.
2023-04-24 01:34:40.723  INFO [,,,] 12816 --- [restartedMain] o.s.b.a.h2.H2ConsoleAutoConfiguration    : H2 console available at '/h2-console'. Database available at 'jdbc:mysql://localhost:3306/alaje_notification?createDatabaseIfNotExist=true&useUnicode=true&useJDBCCompliantTimezoneShift=true&useLegacyDatetimeCode=false&serverTimezone=Africa/Lagos'
2023-04-24 01:34:47.594  INFO [,,,] 12816 --- [restartedMain] o.apache.camel.support.LRUCacheFactory   : Detected and using LRUCacheFactory: camel-caffeine-lrucache
2023-04-24 01:34:53.302  INFO [,,,] 12816 --- [restartedMain] org.eclipse.jetty.server.session         : DefaultSessionIdManager workerName=node0
2023-04-24 01:34:53.303  INFO [,,,] 12816 --- [restartedMain] org.eclipse.jetty.server.session         : No SessionScavenger set, using defaults
2023-04-24 01:34:53.324  INFO [,,,] 12816 --- [restartedMain] org.eclipse.jetty.server.session         : node0 Scavenging every 600000ms
2023-04-24 01:34:53.373  INFO [,,,] 12816 --- [restartedMain] o.e.jetty.server.handler.ContextHandler  : Started o.s.b.w.e.j.JettyEmbeddedWebAppContext@16aa5bd8{application,/api/v1,[file:///C:/Users/User/AppData/Local/Temp/jetty-docbase.8087.906343488893693395/, jar:file:/C:/Users/User/.m2/repository/io/springfox/springfox-swagger-ui/2.9.2/springfox-swagger-ui-2.9.2.jar!/META-INF/resources],AVAILABLE}
2023-04-24 01:34:53.377  INFO [,,,] 12816 --- [restartedMain] org.eclipse.jetty.server.Server          : Started @52536ms
2023-04-24 01:34:53.754  INFO [,,,] 12816 --- [restartedMain] o.f.c.internal.license.VersionPrinter    : Flyway Community Edition 6.5.7 by Redgate
2023-04-24 01:34:53.935  INFO [,,,] 12816 --- [restartedMain] o.f.c.internal.database.DatabaseFactory  : Database: jdbc:mysql://localhost:3306/alaje_notification (MySQL 8.0)
2023-04-24 01:34:54.101  INFO [,,,] 12816 --- [restartedMain] o.f.core.internal.command.DbValidate     : Successfully validated 1 migration (execution time 00:00.078s)
2023-04-24 01:34:54.137  INFO [,,,] 12816 --- [restartedMain] o.f.core.internal.command.DbMigrate      : Current version of schema `alaje_notification`: 1.1.0
2023-04-24 01:34:54.140  INFO [,,,] 12816 --- [restartedMain] o.f.core.internal.command.DbMigrate      : Schema `alaje_notification` is up to date. No migration necessary.
2023-04-24 01:34:58.191  INFO [,,,] 12816 --- [restartedMain] j.LocalContainerEntityManagerFactoryBean : Initialized JPA EntityManagerFactory for persistence unit 'default'
2023-04-24 01:34:58.368  INFO [,,,] 12816 --- [restartedMain] o.s.b.d.a.OptionalLiveReloadServer       : LiveReload server is running on port 35729
2023-04-24 01:35:02.248  INFO [,,,] 12816 --- [restartedMain] o.s.s.concurrent.ThreadPoolTaskExecutor  : Initializing ExecutorService 'clientInboundChannelExecutor'
2023-04-24 01:35:02.367  INFO [,,,] 12816 --- [restartedMain] o.s.s.concurrent.ThreadPoolTaskExecutor  : Initializing ExecutorService 'clientOutboundChannelExecutor'
2023-04-24 01:35:04.404 DEBUG [,,,] 12816 --- [restartedMain] s.w.s.m.m.a.RequestMappingHandlerMapping : 21 mappings in 'requestMappingHandlerMapping'
2023-04-24 01:35:06.145  INFO [,,,] 12816 --- [restartedMain] o.s.s.web.DefaultSecurityFilterChain     : Creating filter chain: Ant [pattern='/auth-server/**', POST], []
2023-04-24 01:35:06.146  INFO [,,,] 12816 --- [restartedMain] o.s.s.web.DefaultSecurityFilterChain     : Creating filter chain: Ant [pattern='/**', PUT], []
2023-04-24 01:35:06.146  INFO [,,,] 12816 --- [restartedMain] o.s.s.web.DefaultSecurityFilterChain     : Creating filter chain: Ant [pattern='/', GET], []
2023-04-24 01:35:06.147  INFO [,,,] 12816 --- [restartedMain] o.s.s.web.DefaultSecurityFilterChain     : Creating filter chain: Ant [pattern='/webjars/**', GET], []
2023-04-24 01:35:06.148  INFO [,,,] 12816 --- [restartedMain] o.s.s.web.DefaultSecurityFilterChain     : Creating filter chain: Ant [pattern='/*.html', GET], []
2023-04-24 01:35:06.148  INFO [,,,] 12816 --- [restartedMain] o.s.s.web.DefaultSecurityFilterChain     : Creating filter chain: Ant [pattern='/favicon.ico', GET], []
2023-04-24 01:35:06.149  INFO [,,,] 12816 --- [restartedMain] o.s.s.web.DefaultSecurityFilterChain     : Creating filter chain: Ant [pattern='/**/*.html', GET], []
2023-04-24 01:35:06.149  INFO [,,,] 12816 --- [restartedMain] o.s.s.web.DefaultSecurityFilterChain     : Creating filter chain: Ant [pattern='/**/*.css', GET], []
2023-04-24 01:35:06.150  INFO [,,,] 12816 --- [restartedMain] o.s.s.web.DefaultSecurityFilterChain     : Creating filter chain: Ant [pattern='/**/*.js', GET], []
2023-04-24 01:35:06.150  INFO [,,,] 12816 --- [restartedMain] o.s.s.web.DefaultSecurityFilterChain     : Creating filter chain: Ant [pattern='/api/user/registration-confirm', GET], []
2023-04-24 01:35:06.150  INFO [,,,] 12816 --- [restartedMain] o.s.s.web.DefaultSecurityFilterChain     : Creating filter chain: Ant [pattern='/v1/api-docs'], []
2023-04-24 01:35:06.151  INFO [,,,] 12816 --- [restartedMain] o.s.s.web.DefaultSecurityFilterChain     : Creating filter chain: Ant [pattern='/v2/api-docs'], []
2023-04-24 01:35:06.151  INFO [,,,] 12816 --- [restartedMain] o.s.s.web.DefaultSecurityFilterChain     : Creating filter chain: Ant [pattern='/swagger-resources/**'], []
2023-04-24 01:35:06.152  INFO [,,,] 12816 --- [restartedMain] o.s.s.web.DefaultSecurityFilterChain     : Creating filter chain: Ant [pattern='swagger-ui.html'], []
2023-04-24 01:35:06.152  INFO [,,,] 12816 --- [restartedMain] o.s.s.web.DefaultSecurityFilterChain     : Creating filter chain: Ant [pattern='/configuration/**'], []
2023-04-24 01:35:06.152  INFO [,,,] 12816 --- [restartedMain] o.s.s.web.DefaultSecurityFilterChain     : Creating filter chain: Ant [pattern='/webjars/**'], []
2023-04-24 01:35:06.154  INFO [,,,] 12816 --- [restartedMain] o.s.s.web.DefaultSecurityFilterChain     : Creating filter chain: Ant [pattern='/actuator/**'], []
2023-04-24 01:35:06.154  INFO [,,,] 12816 --- [restartedMain] o.s.s.web.DefaultSecurityFilterChain     : Creating filter chain: Ant [pattern='/public/**'], []
2023-04-24 01:35:06.687  INFO [,,,] 12816 --- [restartedMain] o.s.s.web.DefaultSecurityFilterChain     : Creating filter chain: RequestHeaderRequestMatcher [expectedHeaderName=Authorization, expectedHeaderValue=null], [org.springframework.security.web.context.request.async.WebAsyncManagerIntegrationFilter@53cd8211, org.springframework.security.web.context.SecurityContextPersistenceFilter@56ab21eb, org.springframework.security.web.header.HeaderWriterFilter@b4e2e7c, org.springframework.security.web.authentication.logout.LogoutFilter@5ea5764a, org.springframework.security.oauth2.provider.authentication.OAuth2AuthenticationProcessingFilter@2e1e5dbd, org.springframework.security.web.savedrequest.RequestCacheAwareFilter@428a9fe3, org.springframework.security.web.servletapi.SecurityContextHolderAwareRequestFilter@752bcc1, org.springframework.security.web.authentication.AnonymousAuthenticationFilter@7148f36c, org.springframework.security.web.session.SessionManagementFilter@7d771ca8, org.springframework.security.web.access.ExceptionTranslationFilter@243b7ef2, org.springframework.security.web.access.intercept.FilterSecurityInterceptor@fd3aeca]
2023-04-24 01:35:06.749  INFO [,,,] 12816 --- [restartedMain] o.s.s.web.DefaultSecurityFilterChain     : Creating filter chain: any request, [org.springframework.security.web.context.request.async.WebAsyncManagerIntegrationFilter@15fc0cf6, org.springframework.security.web.context.SecurityContextPersistenceFilter@4b64426d, org.springframework.security.web.header.HeaderWriterFilter@51559830, org.springframework.security.web.authentication.logout.LogoutFilter@50bfa274, org.springframework.security.web.savedrequest.RequestCacheAwareFilter@40a9455b, org.springframework.security.web.servletapi.SecurityContextHolderAwareRequestFilter@3dc0c166, org.springframework.security.web.authentication.AnonymousAuthenticationFilter@4054541a, org.springframework.security.web.session.SessionManagementFilter@6ebd4b12, org.springframework.security.web.access.ExceptionTranslationFilter@39064802, org.springframework.security.web.access.intercept.FilterSecurityInterceptor@7a900e9f]
2023-04-24 01:35:07.278  INFO [,,,] 12816 --- [restartedMain] pertySourcedRequestMappingHandlerMapping : Mapped URL path [/v2/api-docs] onto method [springfox.documentation.swagger2.web.Swagger2Controller#getDocumentation(String, HttpServletRequest)]
2023-04-24 01:35:07.645  INFO [,,,] 12816 --- [restartedMain] o.s.s.c.ThreadPoolTaskScheduler          : Initializing ExecutorService 'messageBrokerTaskScheduler'
2023-04-24 01:35:07.887 DEBUG [,,,] 12816 --- [restartedMain] o.s.w.s.s.s.WebSocketHandlerMapping      : Patterns [/live/**] in 'stompWebSocketHandlerMapping'
2023-04-24 01:35:07.974  INFO [,,,] 12816 --- [restartedMain] o.s.s.concurrent.ThreadPoolTaskExecutor  : Initializing ExecutorService 'brokerChannelExecutor'
2023-04-24 01:35:08.248 DEBUG [,,,] 12816 --- [restartedMain] .WebSocketAnnotationMethodMessageHandler : 
	c.a.n.r.CssResource:
	
2023-04-24 01:35:08.250 DEBUG [,,,] 12816 --- [restartedMain] .WebSocketAnnotationMethodMessageHandler : 
	c.a.n.r.EmailSetUpResource:
	
2023-04-24 01:35:08.252 DEBUG [,,,] 12816 --- [restartedMain] .WebSocketAnnotationMethodMessageHandler : 
	c.a.n.r.FragmentResource:
	
2023-04-24 01:35:08.253 DEBUG [,,,] 12816 --- [restartedMain] .WebSocketAnnotationMethodMessageHandler : 
	c.a.n.r.NotifyResource:
	
2023-04-24 01:35:08.258 DEBUG [,,,] 12816 --- [restartedMain] .WebSocketAnnotationMethodMessageHandler : 
	c.a.n.r.TestResource:
	
2023-04-24 01:35:08.261 DEBUG [,,,] 12816 --- [restartedMain] .WebSocketAnnotationMethodMessageHandler : 
	s.d.s.w.ApiResourceController:
	
2023-04-24 01:35:08.265 DEBUG [,,,] 12816 --- [restartedMain] .WebSocketAnnotationMethodMessageHandler : 
	o.s.b.a.w.s.e.BasicErrorController:
	
2023-04-24 01:35:08.574  WARN [,,,] 12816 --- [restartedMain] c.n.c.sources.URLConfigurationSource     : No URLs will be polled as dynamic configuration sources.
2023-04-24 01:35:08.575  INFO [,,,] 12816 --- [restartedMain] c.n.c.sources.URLConfigurationSource     : To enable URLs as dynamic configuration sources, define System property archaius.configurationSource.additionalUrls or make config.properties available on classpath.
2023-04-24 01:35:08.612  WARN [,,,] 12816 --- [restartedMain] c.n.c.sources.URLConfigurationSource     : No URLs will be polled as dynamic configuration sources.
2023-04-24 01:35:08.612  INFO [,,,] 12816 --- [restartedMain] c.n.c.sources.URLConfigurationSource     : To enable URLs as dynamic configuration sources, define System property archaius.configurationSource.additionalUrls or make config.properties available on classpath.
2023-04-24 01:35:09.389 DEBUG [,,,] 12816 --- [restartedMain] s.w.s.m.m.a.RequestMappingHandlerAdapter : ControllerAdvice beans: 0 @ModelAttribute, 0 @InitBinder, 1 RequestBodyAdvice, 1 ResponseBodyAdvice
2023-04-24 01:35:09.786 DEBUG [,,,] 12816 --- [restartedMain] o.s.w.s.handler.SimpleUrlHandlerMapping  : Patterns [/css/**, /webjars/**, /**] in 'resourceHandlerMapping'
2023-04-24 01:35:10.046 DEBUG [,,,] 12816 --- [restartedMain] .m.m.a.ExceptionHandlerExceptionResolver : ControllerAdvice beans: 0 @ExceptionHandler, 1 ResponseBodyAdvice
2023-04-24 01:35:15.156  WARN [,,,] 12816 --- [restartedMain] s.o.SpringCloudSecurityAutoConfiguration : All Spring Cloud Security modules and starters are deprecated. They will be moved to individual projects in the next major release.
2023-04-24 01:35:16.003  INFO [,,,] 12816 --- [restartedMain] o.e.j.s.h.ContextHandler.application     : Initializing Spring DispatcherServlet 'dispatcherServlet'
2023-04-24 01:35:16.036  INFO [,,,] 12816 --- [restartedMain] o.s.web.servlet.DispatcherServlet        : Initializing Servlet 'dispatcherServlet'
2023-04-24 01:35:16.040 DEBUG [,,,] 12816 --- [restartedMain] o.s.web.servlet.DispatcherServlet        : Detected StandardServletMultipartResolver
2023-04-24 01:35:16.103 DEBUG [,,,] 12816 --- [restartedMain] o.s.web.servlet.DispatcherServlet        : enableLoggingRequestDetails='false': request parameters and headers will be masked to prevent unsafe logging of potentially sensitive data
2023-04-24 01:35:16.104  INFO [,,,] 12816 --- [restartedMain] o.s.web.servlet.DispatcherServlet        : Completed initialization in 64 ms
2023-04-24 01:35:16.456  INFO [,,,] 12816 --- [restartedMain] o.e.jetty.server.AbstractConnector       : Started ServerConnector@49c8b507{HTTP/1.1, (http/1.1)}{0.0.0.0:8087}
2023-04-24 01:35:16.462  INFO [,,,] 12816 --- [restartedMain] o.s.b.web.embedded.jetty.JettyWebServer  : Jetty started on port(s) 8087 (http/1.1) with context path '/api/v1'
2023-04-24 01:35:18.707  INFO [,,,] 12816 --- [restartedMain] o.s.b.w.e.j.JettyServletWebServerFactory : Server initialized with port: 18087
2023-04-24 01:35:18.712  INFO [,,,] 12816 --- [restartedMain] org.eclipse.jetty.server.Server          : jetty-9.4.36.v20210114; built: 2021-01-14T16:44:28.689Z; git: 238ec6997c7806b055319a6d11f8ae7564adc0de; jvm 16.0.1+9-24
2023-04-24 01:35:18.723  INFO [,,,] 12816 --- [restartedMain] o.e.j.s.h.ContextHandler.application     : Initializing Spring embedded WebApplicationContext
2023-04-24 01:35:18.753  INFO [,,,] 12816 --- [restartedMain] w.s.c.ServletWebServerApplicationContext : Root WebApplicationContext: initialization completed in 1216 ms
2023-04-24 01:35:18.814  INFO [,,,] 12816 --- [restartedMain] org.eclipse.jetty.server.session         : DefaultSessionIdManager workerName=node0
2023-04-24 01:35:18.816  INFO [,,,] 12816 --- [restartedMain] org.eclipse.jetty.server.session         : No SessionScavenger set, using defaults
2023-04-24 01:35:18.817  INFO [,,,] 12816 --- [restartedMain] org.eclipse.jetty.server.session         : node0 Scavenging every 660000ms
2023-04-24 01:35:18.875  INFO [,,,] 12816 --- [restartedMain] o.e.jetty.server.handler.ContextHandler  : Started o.s.b.w.e.j.JettyEmbeddedWebAppContext@55a3d147{application,/,[file:///C:/Users/User/AppData/Local/Temp/jetty-docbase.18087.1577310285746624778/, jar:file:/C:/Users/User/.m2/repository/io/springfox/springfox-swagger-ui/2.9.2/springfox-swagger-ui-2.9.2.jar!/META-INF/resources],AVAILABLE}
2023-04-24 01:35:18.877  INFO [,,,] 12816 --- [restartedMain] org.eclipse.jetty.server.Server          : Started @78037ms
2023-04-24 01:35:19.006  INFO [,,,] 12816 --- [restartedMain] o.s.b.a.e.web.EndpointLinksResolver      : Exposing 19 endpoint(s) beneath base path '/actuator'
2023-04-24 01:35:19.178 DEBUG [,,,] 12816 --- [restartedMain] s.w.s.m.m.a.RequestMappingHandlerMapping : 1 mappings in 'requestMappingHandlerMapping'
2023-04-24 01:35:19.272 DEBUG [,,,] 12816 --- [restartedMain] o.s.w.s.handler.SimpleUrlHandlerMapping  : Patterns [/css/**] in 'resourceHandlerMapping'
2023-04-24 01:35:19.409 DEBUG [,,,] 12816 --- [restartedMain] s.w.s.m.m.a.RequestMappingHandlerAdapter : ControllerAdvice beans: 0 @ModelAttribute, 0 @InitBinder, 1 RequestBodyAdvice, 1 ResponseBodyAdvice
2023-04-24 01:35:19.429  INFO [,,,] 12816 --- [restartedMain] o.e.j.s.h.ContextHandler.application     : Initializing Spring DispatcherServlet 'dispatcherServlet'
2023-04-24 01:35:19.444  INFO [,,,] 12816 --- [restartedMain] o.s.web.servlet.DispatcherServlet        : Initializing Servlet 'dispatcherServlet'
2023-04-24 01:35:19.558 DEBUG [,,,] 12816 --- [restartedMain] o.s.web.servlet.DispatcherServlet        : Detected StandardServletMultipartResolver
2023-04-24 01:35:19.565 DEBUG [,,,] 12816 --- [restartedMain] o.s.web.servlet.DispatcherServlet        : enableLoggingRequestDetails='false': request parameters and headers will be masked to prevent unsafe logging of potentially sensitive data
2023-04-24 01:35:19.565  INFO [,,,] 12816 --- [restartedMain] o.s.web.servlet.DispatcherServlet        : Completed initialization in 7 ms
2023-04-24 01:35:19.923  INFO [,,,] 12816 --- [restartedMain] o.e.jetty.server.AbstractConnector       : Started ServerConnector@256784e5{HTTP/1.1, (http/1.1)}{0.0.0.0:18087}
2023-04-24 01:35:19.924  INFO [,,,] 12816 --- [restartedMain] o.s.b.web.embedded.jetty.JettyWebServer  : Jetty started on port(s) 18087 (http/1.1) with context path '/'
2023-04-24 01:35:21.233  INFO [,,,] 12816 --- [restartedMain] d.s.w.p.DocumentationPluginsBootstrapper : Context refreshed
2023-04-24 01:35:21.402  INFO [,,,] 12816 --- [restartedMain] d.s.w.p.DocumentationPluginsBootstrapper : Found 1 custom documentation plugin(s)
2023-04-24 01:35:21.654  INFO [,,,] 12816 --- [restartedMain] s.d.s.w.s.ApiListingReferenceScanner     : Scanning for api listing references
2023-04-24 01:35:22.932  INFO [,,,] 12816 --- [restartedMain] .d.s.w.r.o.CachingOperationNameGenerator : Generating unique operation named: fetchEmailSetupUsingGET_1
2023-04-24 01:35:23.258  INFO [,,,] 12816 --- [restartedMain] .d.s.w.r.o.CachingOperationNameGenerator : Generating unique operation named: fetchNotifyModelUsingGET_1
2023-04-24 01:35:23.275  INFO [,,,] 12816 --- [restartedMain] .d.s.w.r.o.CachingOperationNameGenerator : Generating unique operation named: fetchNotifyModelUsingGET_2
2023-04-24 01:35:23.352  INFO [,,,] 12816 --- [restartedMain] o.s.a.r.c.CachingConnectionFactory       : Attempting to connect to: [localhost:5672]
2023-04-24 01:35:23.592  INFO [,,,] 12816 --- [restartedMain] o.s.a.r.c.CachingConnectionFactory       : Created new connection: rabbitConnectionFactory#700c87e6:0/SimpleConnection@8a53604 [delegate=amqp://guest@127.0.0.1:5672/, localPort= 52993]
2023-04-24 01:35:23.972 DEBUG [,,,] 12816 --- [restartedMain] org.springframework.web.SimpLogging      : clientOutboundChannel added SubProtocolWebSocketHandler[StompSubProtocolHandler[v10.stomp, v11.stomp, v12.stomp]]
2023-04-24 01:35:23.991 DEBUG [,,,] 12816 --- [restartedMain] org.springframework.web.SimpLogging      : clientInboundChannel added WebSocketAnnotationMethodMessageHandler[prefixes=[/topic/]]
2023-04-24 01:35:23.991  INFO [,,,] 12816 --- [restartedMain] o.s.m.s.b.SimpleBrokerMessageHandler     : Starting...
2023-04-24 01:35:24.061 DEBUG [,,,] 12816 --- [restartedMain] org.springframework.web.SimpLogging      : clientInboundChannel added SimpleBrokerMessageHandler [DefaultSubscriptionRegistry[cache[0 destination(s)], registry[0 sessions]]]
2023-04-24 01:35:24.062 DEBUG [,,,] 12816 --- [restartedMain] org.springframework.web.SimpLogging      : brokerChannel added SimpleBrokerMessageHandler [DefaultSubscriptionRegistry[cache[0 destination(s)], registry[0 sessions]]]
2023-04-24 01:35:24.062  INFO [,,,] 12816 --- [restartedMain] o.s.m.s.b.SimpleBrokerMessageHandler     : BrokerAvailabilityEvent[available=true, SimpleBrokerMessageHandler [DefaultSubscriptionRegistry[cache[0 destination(s)], registry[0 sessions]]]]
2023-04-24 01:35:24.066  INFO [,,,] 12816 --- [restartedMain] o.s.m.s.b.SimpleBrokerMessageHandler     : Started.
2023-04-24 01:35:24.133 DEBUG [,,,] 12816 --- [restartedMain] org.springframework.web.SimpLogging      : clientInboundChannel added UserDestinationMessageHandler[DefaultUserDestinationResolver[prefix=/user/]]
2023-04-24 01:35:24.134 DEBUG [,,,] 12816 --- [restartedMain] org.springframework.web.SimpLogging      : brokerChannel added UserDestinationMessageHandler[DefaultUserDestinationResolver[prefix=/user/]]
2023-04-24 01:35:24.263  INFO [,,,] 12816 --- [restartedMain] o.a.c.s.boot.SpringBootRoutesCollector   : Loading additional Camel XML routes from: classpath:camel/*.xml
2023-04-24 01:35:24.266  INFO [,,,] 12816 --- [restartedMain] o.a.c.s.boot.SpringBootRoutesCollector   : Loading additional Camel XML route templates from: classpath:camel-template/*.xml
2023-04-24 01:35:24.337  INFO [,,,] 12816 --- [restartedMain] o.a.c.s.boot.SpringBootRoutesCollector   : Loading additional Camel XML rests from: classpath:camel-rest/*.xml
2023-04-24 01:35:24.478  INFO [,,,] 12816 --- [restartedMain] o.a.c.impl.engine.AbstractCamelContext   : Apache Camel 3.5.0 (camel-1) is starting
2023-04-24 01:35:24.506  INFO [,,,] 12816 --- [restartedMain] o.a.c.impl.engine.AbstractCamelContext   : StreamCaching is not in use. If using streams then its recommended to enable stream caching. See more details at http://camel.apache.org/stream-caching.html
2023-04-24 01:35:24.507  INFO [,,,] 12816 --- [restartedMain] o.a.c.impl.engine.AbstractCamelContext   : Using HealthCheck: camel-spring-boot
2023-04-24 01:35:24.508  INFO [,,,] 12816 --- [restartedMain] o.a.c.impl.engine.AbstractCamelContext   : Total 0 routes, of which 0 are started
2023-04-24 01:35:24.509  INFO [,,,] 12816 --- [restartedMain] o.a.c.impl.engine.AbstractCamelContext   : Apache Camel 3.5.0 (camel-1) started in 0.030 seconds
2023-04-24 01:35:24.598  INFO [,,,] 12816 --- [restartedMain] c.a.n.NotificationServiceApplication     : Started NotificationServiceApplication in 79.771 seconds (JVM running for 83.758)
2023-04-24 01:36:07.961 ERROR [,,,] 12816 --- [MessageBroker-1] o.s.s.s.TaskUtils$LoggingErrorHandler    : Unexpected error occurred in scheduled task

java.lang.reflect.InaccessibleObjectException: Unable to make protected java.util.concurrent.RunnableScheduledFuture java.util.concurrent.ScheduledThreadPoolExecutor.decorateTask(java.lang.Runnable,java.util.concurrent.RunnableScheduledFuture) accessible: module java.base does not "opens java.util.concurrent" to unnamed module @3bbc39f8
	at java.base/java.lang.reflect.AccessibleObject.checkCanSetAccessible(AccessibleObject.java:357) ~[na:na]
	at java.base/java.lang.reflect.AccessibleObject.checkCanSetAccessible(AccessibleObject.java:297) ~[na:na]
	at java.base/java.lang.reflect.Method.checkCanSetAccessible(Method.java:199) ~[na:na]
	at java.base/java.lang.reflect.Method.setAccessible(Method.java:193) ~[na:na]
	at org.springframework.util.ReflectionUtils.makeAccessible(ReflectionUtils.java:570) ~[spring-core-5.2.13.RELEASE.jar:5.2.13.RELEASE]
	at org.springframework.cloud.sleuth.instrument.async.LazyTraceScheduledThreadPoolExecutor.makeAccessibleIfNotNull(LazyTraceScheduledThreadPoolExecutor.java:121) ~[spring-cloud-sleuth-core-2.2.8.RELEASE.jar:2.2.8.RELEASE]
	at org.springframework.cloud.sleuth.instrument.async.LazyTraceScheduledThreadPoolExecutor.<init>(LazyTraceScheduledThreadPoolExecutor.java:205) ~[spring-cloud-sleuth-core-2.2.8.RELEASE.jar:2.2.8.RELEASE]
	at org.springframework.cloud.sleuth.instrument.async.LazyTraceThreadPoolTaskScheduler.getScheduledThreadPoolExecutor(LazyTraceThreadPoolTaskScheduler.java:181) ~[spring-cloud-sleuth-core-2.2.8.RELEASE.jar:2.2.8.RELEASE]
	at java.base/jdk.internal.reflect.NativeMethodAccessorImpl.invoke0(Native Method) ~[na:na]
	at java.base/jdk.internal.reflect.NativeMethodAccessorImpl.invoke(NativeMethodAccessorImpl.java:78) ~[na:na]
	at java.base/jdk.internal.reflect.DelegatingMethodAccessorImpl.invoke(DelegatingMethodAccessorImpl.java:43) ~[na:na]
	at java.base/java.lang.reflect.Method.invoke(Method.java:567) ~[na:na]
	at org.springframework.cloud.sleuth.instrument.async.ExecutorMethodInterceptor.invoke(ExecutorBeanPostProcessor.java:356) ~[spring-cloud-sleuth-core-2.2.8.RELEASE.jar:2.2.8.RELEASE]
	at org.springframework.aop.framework.ReflectiveMethodInvocation.proceed(ReflectiveMethodInvocation.java:186) ~[spring-aop-5.2.13.RELEASE.jar:5.2.13.RELEASE]
	at org.springframework.aop.framework.CglibAopProxy$CglibMethodInvocation.proceed(CglibAopProxy.java:749) ~[spring-aop-5.2.13.RELEASE.jar:5.2.13.RELEASE]
	at org.springframework.aop.framework.CglibAopProxy$DynamicAdvisedInterceptor.intercept(CglibAopProxy.java:691) ~[spring-aop-5.2.13.RELEASE.jar:5.2.13.RELEASE]
	at org.springframework.scheduling.concurrent.ThreadPoolTaskScheduler$$EnhancerBySpringCGLIB$$5af328ae.getScheduledThreadPoolExecutor(<generated>) ~[spring-context-5.2.13.RELEASE.jar:5.2.13.RELEASE]
	at org.springframework.web.socket.config.WebSocketMessageBrokerStats.getSockJsTaskSchedulerStatsInfo(WebSocketMessageBrokerStats.java:198) ~[spring-websocket-5.2.13.RELEASE.jar:5.2.13.RELEASE]
	at org.springframework.web.socket.config.WebSocketMessageBrokerStats.toString(WebSocketMessageBrokerStats.java:219) ~[spring-websocket-5.2.13.RELEASE.jar:5.2.13.RELEASE]
	at org.springframework.web.socket.config.WebSocketMessageBrokerStats.lambda$initLoggingTask$0(WebSocketMessageBrokerStats.java:126) ~[spring-websocket-5.2.13.RELEASE.jar:5.2.13.RELEASE]
	at org.springframework.scheduling.support.DelegatingErrorHandlingRunnable.run(DelegatingErrorHandlingRunnable.java:54) ~[spring-context-5.2.13.RELEASE.jar:5.2.13.RELEASE]
	at java.base/java.util.concurrent.Executors$RunnableAdapter.call(Executors.java:515) ~[na:na]
	at java.base/java.util.concurrent.FutureTask.runAndReset(FutureTask.java:305) ~[na:na]
	at java.base/java.util.concurrent.ScheduledThreadPoolExecutor$ScheduledFutureTask.run(ScheduledThreadPoolExecutor.java:305) ~[na:na]
	at java.base/java.util.concurrent.ThreadPoolExecutor.runWorker(ThreadPoolExecutor.java:1130) ~[na:na]
	at java.base/java.util.concurrent.ThreadPoolExecutor$Worker.run(ThreadPoolExecutor.java:630) ~[na:na]
	at java.base/java.lang.Thread.run(Thread.java:831) ~[na:na]

2023-04-24 01:37:13.549  WARN [,154fb4e8760c13c5,e3fe63868774c682,true] 12816 --- [org.springframework.amqp.rabbit.RabbitListenerEndpointContainer#0-1] o.s.a.s.c.Jackson2JsonMessageConverter   : Could not convert incoming message with content-type [application/x-java-serialized-object], 'json' keyword missing.
2023-04-24 01:37:13.591  WARN [,,,] 12816 --- [org.springframework.amqp.rabbit.RabbitListenerEndpointContainer#0-1] s.a.r.l.ConditionalRejectingErrorHandler : Execution of Rabbit message listener failed.

org.springframework.amqp.rabbit.support.ListenerExecutionFailedException: Listener method could not be invoked with the incoming message
Endpoint handler details:
Method [public void rabbitmq.messaging.core.com.petisl.notificationservice.RabbitmqConsumerService.consumeEmail(request.model.com.petisl.notificationservice.MailRequest)]
Bean [rabbitmq.messaging.core.com.petisl.notificationservice.RabbitmqConsumerService@3e501263]
	at org.springframework.amqp.rabbit.listener.adapter.MessagingMessageListenerAdapter.invokeHandler(MessagingMessageListenerAdapter.java:225) ~[spring-rabbit-2.2.15.RELEASE.jar:2.2.15.RELEASE]
	at org.springframework.amqp.rabbit.listener.adapter.MessagingMessageListenerAdapter.invokeHandlerAndProcessResult(MessagingMessageListenerAdapter.java:150) ~[spring-rabbit-2.2.15.RELEASE.jar:2.2.15.RELEASE]
	at org.springframework.amqp.rabbit.listener.adapter.MessagingMessageListenerAdapter.onMessage(MessagingMessageListenerAdapter.java:135) ~[spring-rabbit-2.2.15.RELEASE.jar:2.2.15.RELEASE]
	at org.springframework.amqp.rabbit.listener.AbstractMessageListenerContainer.doInvokeListener(AbstractMessageListenerContainer.java:1608) ~[spring-rabbit-2.2.15.RELEASE.jar:2.2.15.RELEASE]
	at org.springframework.amqp.rabbit.listener.AbstractMessageListenerContainer.actualInvokeListener(AbstractMessageListenerContainer.java:1527) ~[spring-rabbit-2.2.15.RELEASE.jar:2.2.15.RELEASE]
	at java.base/jdk.internal.reflect.NativeMethodAccessorImpl.invoke0(Native Method) ~[na:na]
	at java.base/jdk.internal.reflect.NativeMethodAccessorImpl.invoke(NativeMethodAccessorImpl.java:78) ~[na:na]
	at java.base/jdk.internal.reflect.DelegatingMethodAccessorImpl.invoke(DelegatingMethodAccessorImpl.java:43) ~[na:na]
	at java.base/java.lang.reflect.Method.invoke(Method.java:567) ~[na:na]
	at org.springframework.aop.support.AopUtils.invokeJoinpointUsingReflection(AopUtils.java:344) ~[spring-aop-5.2.13.RELEASE.jar:5.2.13.RELEASE]
	at org.springframework.aop.framework.ReflectiveMethodInvocation.invokeJoinpoint(ReflectiveMethodInvocation.java:198) ~[spring-aop-5.2.13.RELEASE.jar:5.2.13.RELEASE]
	at org.springframework.aop.framework.ReflectiveMethodInvocation.proceed(ReflectiveMethodInvocation.java:163) ~[spring-aop-5.2.13.RELEASE.jar:5.2.13.RELEASE]
	at brave.spring.rabbit.TracingRabbitListenerAdvice.invoke(TracingRabbitListenerAdvice.java:108) ~[brave-instrumentation-spring-rabbit-5.12.7.jar:na]
	at org.springframework.aop.framework.ReflectiveMethodInvocation.proceed(ReflectiveMethodInvocation.java:186) ~[spring-aop-5.2.13.RELEASE.jar:5.2.13.RELEASE]
	at org.springframework.aop.framework.JdkDynamicAopProxy.invoke(JdkDynamicAopProxy.java:212) ~[spring-aop-5.2.13.RELEASE.jar:5.2.13.RELEASE]
	at org.springframework.amqp.rabbit.listener.$Proxy246.invokeListener(Unknown Source) ~[na:2.2.15.RELEASE]
	at org.springframework.amqp.rabbit.listener.AbstractMessageListenerContainer.invokeListener(AbstractMessageListenerContainer.java:1515) ~[spring-rabbit-2.2.15.RELEASE.jar:2.2.15.RELEASE]
	at org.springframework.amqp.rabbit.listener.AbstractMessageListenerContainer.doExecuteListener(AbstractMessageListenerContainer.java:1506) ~[spring-rabbit-2.2.15.RELEASE.jar:2.2.15.RELEASE]
	at org.springframework.amqp.rabbit.listener.AbstractMessageListenerContainer.executeListener(AbstractMessageListenerContainer.java:1450) ~[spring-rabbit-2.2.15.RELEASE.jar:2.2.15.RELEASE]
	at org.springframework.amqp.rabbit.listener.SimpleMessageListenerContainer.doReceiveAndExecute(SimpleMessageListenerContainer.java:976) ~[spring-rabbit-2.2.15.RELEASE.jar:2.2.15.RELEASE]
	at org.springframework.amqp.rabbit.listener.SimpleMessageListenerContainer.receiveAndExecute(SimpleMessageListenerContainer.java:922) ~[spring-rabbit-2.2.15.RELEASE.jar:2.2.15.RELEASE]
	at org.springframework.amqp.rabbit.listener.SimpleMessageListenerContainer.access$1600(SimpleMessageListenerContainer.java:83) ~[spring-rabbit-2.2.15.RELEASE.jar:2.2.15.RELEASE]
	at org.springframework.amqp.rabbit.listener.SimpleMessageListenerContainer$AsyncMessageProcessingConsumer.mainLoop(SimpleMessageListenerContainer.java:1297) ~[spring-rabbit-2.2.15.RELEASE.jar:2.2.15.RELEASE]
	at org.springframework.amqp.rabbit.listener.SimpleMessageListenerContainer$AsyncMessageProcessingConsumer.run(SimpleMessageListenerContainer.java:1203) ~[spring-rabbit-2.2.15.RELEASE.jar:2.2.15.RELEASE]
	at java.base/java.lang.Thread.run(Thread.java:831) ~[na:na]
Caused by: org.springframework.messaging.converter.MessageConversionException: Cannot convert from [[B] to [request.model.com.petisl.notificationservice.MailRequest] for GenericMessage [payload=byte[1087], headers={amqp_receivedDeliveryMode=PERSISTENT, amqp_receivedRoutingKey=hydrogenhr-notification.key, amqp_receivedExchange=hydrogenhr-email-exchange, amqp_deliveryTag=1, amqp_consumerQueue=hydrogenhr-email-notification, amqp_redelivered=false, id=adde01b2-0da9-ec04-f17e-3a0a6a707010, amqp_consumerTag=amq.ctag-aBMkHrH1A04w37Egk-W81Q, amqp_lastInBatch=false, contentType=application/x-java-serialized-object, timestamp=1682296633572}]
	at org.springframework.messaging.handler.annotation.support.PayloadMethodArgumentResolver.resolveArgument(PayloadMethodArgumentResolver.java:145) ~[spring-messaging-5.2.13.RELEASE.jar:5.2.13.RELEASE]
	at org.springframework.messaging.handler.invocation.HandlerMethodArgumentResolverComposite.resolveArgument(HandlerMethodArgumentResolverComposite.java:117) ~[spring-messaging-5.2.13.RELEASE.jar:5.2.13.RELEASE]
	at org.springframework.messaging.handler.invocation.InvocableHandlerMethod.getMethodArgumentValues(InvocableHandlerMethod.java:148) ~[spring-messaging-5.2.13.RELEASE.jar:5.2.13.RELEASE]
	at org.springframework.messaging.handler.invocation.InvocableHandlerMethod.invoke(InvocableHandlerMethod.java:116) ~[spring-messaging-5.2.13.RELEASE.jar:5.2.13.RELEASE]
	at org.springframework.amqp.rabbit.listener.adapter.HandlerAdapter.invoke(HandlerAdapter.java:53) ~[spring-rabbit-2.2.15.RELEASE.jar:2.2.15.RELEASE]
	at org.springframework.amqp.rabbit.listener.adapter.MessagingMessageListenerAdapter.invokeHandler(MessagingMessageListenerAdapter.java:222) ~[spring-rabbit-2.2.15.RELEASE.jar:2.2.15.RELEASE]
	... 24 common frames omitted

2023-04-24 01:37:13.658  WARN [,,,] 12816 --- [org.springframework.amqp.rabbit.RabbitListenerEndpointContainer#0-1] ingErrorHandler$DefaultExceptionStrategy : Fatal message conversion error; message rejected; it will be dropped or routed to a dead letter exchange, if so configured: (Body:'[B@66d00cc5(byte[1087])' MessageProperties [headers={}, contentType=application/x-java-serialized-object, contentLength=0, receivedDeliveryMode=PERSISTENT, priority=0, redelivered=false, receivedExchange=hydrogenhr-email-exchange, receivedRoutingKey=hydrogenhr-notification.key, deliveryTag=1, consumerTag=amq.ctag-aBMkHrH1A04w37Egk-W81Q, consumerQueue=hydrogenhr-email-notification])
2023-04-24 01:37:13.689 ERROR [,,,] 12816 --- [org.springframework.amqp.rabbit.RabbitListenerEndpointContainer#0-1] o.s.a.r.l.SimpleMessageListenerContainer : Execution of Rabbit message listener failed, and the error handler threw an exception

org.springframework.amqp.AmqpRejectAndDontRequeueException: Error Handler converted exception to fatal
	at org.springframework.amqp.rabbit.listener.ConditionalRejectingErrorHandler.handleError(ConditionalRejectingErrorHandler.java:116) ~[spring-rabbit-2.2.15.RELEASE.jar:2.2.15.RELEASE]
	at org.springframework.amqp.rabbit.listener.AbstractMessageListenerContainer.invokeErrorHandler(AbstractMessageListenerContainer.java:1412) ~[spring-rabbit-2.2.15.RELEASE.jar:2.2.15.RELEASE]
	at org.springframework.amqp.rabbit.listener.AbstractMessageListenerContainer.handleListenerException(AbstractMessageListenerContainer.java:1696) ~[spring-rabbit-2.2.15.RELEASE.jar:2.2.15.RELEASE]
	at org.springframework.amqp.rabbit.listener.AbstractMessageListenerContainer.executeListener(AbstractMessageListenerContainer.java:1471) ~[spring-rabbit-2.2.15.RELEASE.jar:2.2.15.RELEASE]
	at org.springframework.amqp.rabbit.listener.SimpleMessageListenerContainer.doReceiveAndExecute(SimpleMessageListenerContainer.java:976) ~[spring-rabbit-2.2.15.RELEASE.jar:2.2.15.RELEASE]
	at org.springframework.amqp.rabbit.listener.SimpleMessageListenerContainer.receiveAndExecute(SimpleMessageListenerContainer.java:922) ~[spring-rabbit-2.2.15.RELEASE.jar:2.2.15.RELEASE]
	at org.springframework.amqp.rabbit.listener.SimpleMessageListenerContainer.access$1600(SimpleMessageListenerContainer.java:83) ~[spring-rabbit-2.2.15.RELEASE.jar:2.2.15.RELEASE]
	at org.springframework.amqp.rabbit.listener.SimpleMessageListenerContainer$AsyncMessageProcessingConsumer.mainLoop(SimpleMessageListenerContainer.java:1297) ~[spring-rabbit-2.2.15.RELEASE.jar:2.2.15.RELEASE]
	at org.springframework.amqp.rabbit.listener.SimpleMessageListenerContainer$AsyncMessageProcessingConsumer.run(SimpleMessageListenerContainer.java:1203) ~[spring-rabbit-2.2.15.RELEASE.jar:2.2.15.RELEASE]
	at java.base/java.lang.Thread.run(Thread.java:831) ~[na:na]
Caused by: org.springframework.amqp.rabbit.support.ListenerExecutionFailedException: Listener method could not be invoked with the incoming message
Endpoint handler details:
Method [public void rabbitmq.messaging.core.com.petisl.notificationservice.RabbitmqConsumerService.consumeEmail(request.model.com.petisl.notificationservice.MailRequest)]
Bean [rabbitmq.messaging.core.com.petisl.notificationservice.RabbitmqConsumerService@3e501263]
	at org.springframework.amqp.rabbit.listener.adapter.MessagingMessageListenerAdapter.invokeHandler(MessagingMessageListenerAdapter.java:225) ~[spring-rabbit-2.2.15.RELEASE.jar:2.2.15.RELEASE]
	at org.springframework.amqp.rabbit.listener.adapter.MessagingMessageListenerAdapter.invokeHandlerAndProcessResult(MessagingMessageListenerAdapter.java:150) ~[spring-rabbit-2.2.15.RELEASE.jar:2.2.15.RELEASE]
	at org.springframework.amqp.rabbit.listener.adapter.MessagingMessageListenerAdapter.onMessage(MessagingMessageListenerAdapter.java:135) ~[spring-rabbit-2.2.15.RELEASE.jar:2.2.15.RELEASE]
	at org.springframework.amqp.rabbit.listener.AbstractMessageListenerContainer.doInvokeListener(AbstractMessageListenerContainer.java:1608) ~[spring-rabbit-2.2.15.RELEASE.jar:2.2.15.RELEASE]
	at org.springframework.amqp.rabbit.listener.AbstractMessageListenerContainer.actualInvokeListener(AbstractMessageListenerContainer.java:1527) ~[spring-rabbit-2.2.15.RELEASE.jar:2.2.15.RELEASE]
	at java.base/jdk.internal.reflect.NativeMethodAccessorImpl.invoke0(Native Method) ~[na:na]
	at java.base/jdk.internal.reflect.NativeMethodAccessorImpl.invoke(NativeMethodAccessorImpl.java:78) ~[na:na]
	at java.base/jdk.internal.reflect.DelegatingMethodAccessorImpl.invoke(DelegatingMethodAccessorImpl.java:43) ~[na:na]
	at java.base/java.lang.reflect.Method.invoke(Method.java:567) ~[na:na]
	at org.springframework.aop.support.AopUtils.invokeJoinpointUsingReflection(AopUtils.java:344) ~[spring-aop-5.2.13.RELEASE.jar:5.2.13.RELEASE]
	at org.springframework.aop.framework.ReflectiveMethodInvocation.invokeJoinpoint(ReflectiveMethodInvocation.java:198) ~[spring-aop-5.2.13.RELEASE.jar:5.2.13.RELEASE]
	at org.springframework.aop.framework.ReflectiveMethodInvocation.proceed(ReflectiveMethodInvocation.java:163) ~[spring-aop-5.2.13.RELEASE.jar:5.2.13.RELEASE]
	at brave.spring.rabbit.TracingRabbitListenerAdvice.invoke(TracingRabbitListenerAdvice.java:108) ~[brave-instrumentation-spring-rabbit-5.12.7.jar:na]
	at org.springframework.aop.framework.ReflectiveMethodInvocation.proceed(ReflectiveMethodInvocation.java:186) ~[spring-aop-5.2.13.RELEASE.jar:5.2.13.RELEASE]
	at org.springframework.aop.framework.JdkDynamicAopProxy.invoke(JdkDynamicAopProxy.java:212) ~[spring-aop-5.2.13.RELEASE.jar:5.2.13.RELEASE]
	at org.springframework.amqp.rabbit.listener.$Proxy246.invokeListener(Unknown Source) ~[na:2.2.15.RELEASE]
	at org.springframework.amqp.rabbit.listener.AbstractMessageListenerContainer.invokeListener(AbstractMessageListenerContainer.java:1515) ~[spring-rabbit-2.2.15.RELEASE.jar:2.2.15.RELEASE]
	at org.springframework.amqp.rabbit.listener.AbstractMessageListenerContainer.doExecuteListener(AbstractMessageListenerContainer.java:1506) ~[spring-rabbit-2.2.15.RELEASE.jar:2.2.15.RELEASE]
	at org.springframework.amqp.rabbit.listener.AbstractMessageListenerContainer.executeListener(AbstractMessageListenerContainer.java:1450) ~[spring-rabbit-2.2.15.RELEASE.jar:2.2.15.RELEASE]
	... 6 common frames omitted
Caused by: org.springframework.messaging.converter.MessageConversionException: Cannot convert from [[B] to [request.model.com.petisl.notificationservice.MailRequest] for GenericMessage [payload=byte[1087], headers={amqp_receivedDeliveryMode=PERSISTENT, amqp_receivedRoutingKey=hydrogenhr-notification.key, amqp_receivedExchange=hydrogenhr-email-exchange, amqp_deliveryTag=1, amqp_consumerQueue=hydrogenhr-email-notification, amqp_redelivered=false, id=adde01b2-0da9-ec04-f17e-3a0a6a707010, amqp_consumerTag=amq.ctag-aBMkHrH1A04w37Egk-W81Q, amqp_lastInBatch=false, contentType=application/x-java-serialized-object, timestamp=1682296633572}]
	at org.springframework.messaging.handler.annotation.support.PayloadMethodArgumentResolver.resolveArgument(PayloadMethodArgumentResolver.java:145) ~[spring-messaging-5.2.13.RELEASE.jar:5.2.13.RELEASE]
	at org.springframework.messaging.handler.invocation.HandlerMethodArgumentResolverComposite.resolveArgument(HandlerMethodArgumentResolverComposite.java:117) ~[spring-messaging-5.2.13.RELEASE.jar:5.2.13.RELEASE]
	at org.springframework.messaging.handler.invocation.InvocableHandlerMethod.getMethodArgumentValues(InvocableHandlerMethod.java:148) ~[spring-messaging-5.2.13.RELEASE.jar:5.2.13.RELEASE]
	at org.springframework.messaging.handler.invocation.InvocableHandlerMethod.invoke(InvocableHandlerMethod.java:116) ~[spring-messaging-5.2.13.RELEASE.jar:5.2.13.RELEASE]
	at org.springframework.amqp.rabbit.listener.adapter.HandlerAdapter.invoke(HandlerAdapter.java:53) ~[spring-rabbit-2.2.15.RELEASE.jar:2.2.15.RELEASE]
	at org.springframework.amqp.rabbit.listener.adapter.MessagingMessageListenerAdapter.invokeHandler(MessagingMessageListenerAdapter.java:222) ~[spring-rabbit-2.2.15.RELEASE.jar:2.2.15.RELEASE]
	... 24 common frames omitted

2023-04-24 01:38:30.494  WARN [,67454301e1829631,1c317b1302318659,true] 12816 --- [org.springframework.amqp.rabbit.RabbitListenerEndpointContainer#0-1] o.s.a.s.c.Jackson2JsonMessageConverter   : Could not convert incoming message with content-type [application/x-java-serialized-object], 'json' keyword missing.
2023-04-24 01:38:30.607  WARN [,,,] 12816 --- [org.springframework.amqp.rabbit.RabbitListenerEndpointContainer#0-1] s.a.r.l.ConditionalRejectingErrorHandler : Execution of Rabbit message listener failed.

org.springframework.amqp.rabbit.support.ListenerExecutionFailedException: Listener method could not be invoked with the incoming message
Endpoint handler details:
Method [public void rabbitmq.messaging.core.com.petisl.notificationservice.RabbitmqConsumerService.consumeEmail(request.model.com.petisl.notificationservice.MailRequest)]
Bean [rabbitmq.messaging.core.com.petisl.notificationservice.RabbitmqConsumerService@3e501263]
	at org.springframework.amqp.rabbit.listener.adapter.MessagingMessageListenerAdapter.invokeHandler(MessagingMessageListenerAdapter.java:225) ~[spring-rabbit-2.2.15.RELEASE.jar:2.2.15.RELEASE]
	at org.springframework.amqp.rabbit.listener.adapter.MessagingMessageListenerAdapter.invokeHandlerAndProcessResult(MessagingMessageListenerAdapter.java:150) ~[spring-rabbit-2.2.15.RELEASE.jar:2.2.15.RELEASE]
	at org.springframework.amqp.rabbit.listener.adapter.MessagingMessageListenerAdapter.onMessage(MessagingMessageListenerAdapter.java:135) ~[spring-rabbit-2.2.15.RELEASE.jar:2.2.15.RELEASE]
	at org.springframework.amqp.rabbit.listener.AbstractMessageListenerContainer.doInvokeListener(AbstractMessageListenerContainer.java:1608) ~[spring-rabbit-2.2.15.RELEASE.jar:2.2.15.RELEASE]
	at org.springframework.amqp.rabbit.listener.AbstractMessageListenerContainer.actualInvokeListener(AbstractMessageListenerContainer.java:1527) ~[spring-rabbit-2.2.15.RELEASE.jar:2.2.15.RELEASE]
	at java.base/jdk.internal.reflect.NativeMethodAccessorImpl.invoke0(Native Method) ~[na:na]
	at java.base/jdk.internal.reflect.NativeMethodAccessorImpl.invoke(NativeMethodAccessorImpl.java:78) ~[na:na]
	at java.base/jdk.internal.reflect.DelegatingMethodAccessorImpl.invoke(DelegatingMethodAccessorImpl.java:43) ~[na:na]
	at java.base/java.lang.reflect.Method.invoke(Method.java:567) ~[na:na]
	at org.springframework.aop.support.AopUtils.invokeJoinpointUsingReflection(AopUtils.java:344) ~[spring-aop-5.2.13.RELEASE.jar:5.2.13.RELEASE]
	at org.springframework.aop.framework.ReflectiveMethodInvocation.invokeJoinpoint(ReflectiveMethodInvocation.java:198) ~[spring-aop-5.2.13.RELEASE.jar:5.2.13.RELEASE]
	at org.springframework.aop.framework.ReflectiveMethodInvocation.proceed(ReflectiveMethodInvocation.java:163) ~[spring-aop-5.2.13.RELEASE.jar:5.2.13.RELEASE]
	at brave.spring.rabbit.TracingRabbitListenerAdvice.invoke(TracingRabbitListenerAdvice.java:108) ~[brave-instrumentation-spring-rabbit-5.12.7.jar:na]
	at org.springframework.aop.framework.ReflectiveMethodInvocation.proceed(ReflectiveMethodInvocation.java:186) ~[spring-aop-5.2.13.RELEASE.jar:5.2.13.RELEASE]
	at org.springframework.aop.framework.JdkDynamicAopProxy.invoke(JdkDynamicAopProxy.java:212) ~[spring-aop-5.2.13.RELEASE.jar:5.2.13.RELEASE]
	at org.springframework.amqp.rabbit.listener.$Proxy246.invokeListener(Unknown Source) ~[na:2.2.15.RELEASE]
	at org.springframework.amqp.rabbit.listener.AbstractMessageListenerContainer.invokeListener(AbstractMessageListenerContainer.java:1515) ~[spring-rabbit-2.2.15.RELEASE.jar:2.2.15.RELEASE]
	at org.springframework.amqp.rabbit.listener.AbstractMessageListenerContainer.doExecuteListener(AbstractMessageListenerContainer.java:1506) ~[spring-rabbit-2.2.15.RELEASE.jar:2.2.15.RELEASE]
	at org.springframework.amqp.rabbit.listener.AbstractMessageListenerContainer.executeListener(AbstractMessageListenerContainer.java:1450) ~[spring-rabbit-2.2.15.RELEASE.jar:2.2.15.RELEASE]
	at org.springframework.amqp.rabbit.listener.SimpleMessageListenerContainer.doReceiveAndExecute(SimpleMessageListenerContainer.java:976) ~[spring-rabbit-2.2.15.RELEASE.jar:2.2.15.RELEASE]
	at org.springframework.amqp.rabbit.listener.SimpleMessageListenerContainer.receiveAndExecute(SimpleMessageListenerContainer.java:922) ~[spring-rabbit-2.2.15.RELEASE.jar:2.2.15.RELEASE]
	at org.springframework.amqp.rabbit.listener.SimpleMessageListenerContainer.access$1600(SimpleMessageListenerContainer.java:83) ~[spring-rabbit-2.2.15.RELEASE.jar:2.2.15.RELEASE]
	at org.springframework.amqp.rabbit.listener.SimpleMessageListenerContainer$AsyncMessageProcessingConsumer.mainLoop(SimpleMessageListenerContainer.java:1297) ~[spring-rabbit-2.2.15.RELEASE.jar:2.2.15.RELEASE]
	at org.springframework.amqp.rabbit.listener.SimpleMessageListenerContainer$AsyncMessageProcessingConsumer.run(SimpleMessageListenerContainer.java:1203) ~[spring-rabbit-2.2.15.RELEASE.jar:2.2.15.RELEASE]
	at java.base/java.lang.Thread.run(Thread.java:831) ~[na:na]
Caused by: org.springframework.messaging.converter.MessageConversionException: Cannot convert from [[B] to [request.model.com.petisl.notificationservice.MailRequest] for GenericMessage [payload=byte[1087], headers={amqp_receivedDeliveryMode=PERSISTENT, amqp_receivedRoutingKey=hydrogenhr-notification.key, amqp_receivedExchange=hydrogenhr-email-exchange, amqp_deliveryTag=2, amqp_consumerQueue=hydrogenhr-email-notification, amqp_redelivered=false, id=f5f36e7d-f43d-cad9-8612-51c01d83a498, amqp_consumerTag=amq.ctag-aBMkHrH1A04w37Egk-W81Q, amqp_lastInBatch=false, contentType=application/x-java-serialized-object, timestamp=1682296710541}]
	at org.springframework.messaging.handler.annotation.support.PayloadMethodArgumentResolver.resolveArgument(PayloadMethodArgumentResolver.java:145) ~[spring-messaging-5.2.13.RELEASE.jar:5.2.13.RELEASE]
	at org.springframework.messaging.handler.invocation.HandlerMethodArgumentResolverComposite.resolveArgument(HandlerMethodArgumentResolverComposite.java:117) ~[spring-messaging-5.2.13.RELEASE.jar:5.2.13.RELEASE]
	at org.springframework.messaging.handler.invocation.InvocableHandlerMethod.getMethodArgumentValues(InvocableHandlerMethod.java:148) ~[spring-messaging-5.2.13.RELEASE.jar:5.2.13.RELEASE]
	at org.springframework.messaging.handler.invocation.InvocableHandlerMethod.invoke(InvocableHandlerMethod.java:116) ~[spring-messaging-5.2.13.RELEASE.jar:5.2.13.RELEASE]
	at org.springframework.amqp.rabbit.listener.adapter.HandlerAdapter.invoke(HandlerAdapter.java:53) ~[spring-rabbit-2.2.15.RELEASE.jar:2.2.15.RELEASE]
	at org.springframework.amqp.rabbit.listener.adapter.MessagingMessageListenerAdapter.invokeHandler(MessagingMessageListenerAdapter.java:222) ~[spring-rabbit-2.2.15.RELEASE.jar:2.2.15.RELEASE]
	... 24 common frames omitted

2023-04-24 01:38:30.717  WARN [,,,] 12816 --- [org.springframework.amqp.rabbit.RabbitListenerEndpointContainer#0-1] ingErrorHandler$DefaultExceptionStrategy : Fatal message conversion error; message rejected; it will be dropped or routed to a dead letter exchange, if so configured: (Body:'[B@3bbbfda4(byte[1087])' MessageProperties [headers={}, contentType=application/x-java-serialized-object, contentLength=0, receivedDeliveryMode=PERSISTENT, priority=0, redelivered=false, receivedExchange=hydrogenhr-email-exchange, receivedRoutingKey=hydrogenhr-notification.key, deliveryTag=2, consumerTag=amq.ctag-aBMkHrH1A04w37Egk-W81Q, consumerQueue=hydrogenhr-email-notification])
2023-04-24 01:38:30.723 ERROR [,,,] 12816 --- [org.springframework.amqp.rabbit.RabbitListenerEndpointContainer#0-1] o.s.a.r.l.SimpleMessageListenerContainer : Execution of Rabbit message listener failed, and the error handler threw an exception

org.springframework.amqp.AmqpRejectAndDontRequeueException: Error Handler converted exception to fatal
	at org.springframework.amqp.rabbit.listener.ConditionalRejectingErrorHandler.handleError(ConditionalRejectingErrorHandler.java:116) ~[spring-rabbit-2.2.15.RELEASE.jar:2.2.15.RELEASE]
	at org.springframework.amqp.rabbit.listener.AbstractMessageListenerContainer.invokeErrorHandler(AbstractMessageListenerContainer.java:1412) ~[spring-rabbit-2.2.15.RELEASE.jar:2.2.15.RELEASE]
	at org.springframework.amqp.rabbit.listener.AbstractMessageListenerContainer.handleListenerException(AbstractMessageListenerContainer.java:1696) ~[spring-rabbit-2.2.15.RELEASE.jar:2.2.15.RELEASE]
	at org.springframework.amqp.rabbit.listener.AbstractMessageListenerContainer.executeListener(AbstractMessageListenerContainer.java:1471) ~[spring-rabbit-2.2.15.RELEASE.jar:2.2.15.RELEASE]
	at org.springframework.amqp.rabbit.listener.SimpleMessageListenerContainer.doReceiveAndExecute(SimpleMessageListenerContainer.java:976) ~[spring-rabbit-2.2.15.RELEASE.jar:2.2.15.RELEASE]
	at org.springframework.amqp.rabbit.listener.SimpleMessageListenerContainer.receiveAndExecute(SimpleMessageListenerContainer.java:922) ~[spring-rabbit-2.2.15.RELEASE.jar:2.2.15.RELEASE]
	at org.springframework.amqp.rabbit.listener.SimpleMessageListenerContainer.access$1600(SimpleMessageListenerContainer.java:83) ~[spring-rabbit-2.2.15.RELEASE.jar:2.2.15.RELEASE]
	at org.springframework.amqp.rabbit.listener.SimpleMessageListenerContainer$AsyncMessageProcessingConsumer.mainLoop(SimpleMessageListenerContainer.java:1297) ~[spring-rabbit-2.2.15.RELEASE.jar:2.2.15.RELEASE]
	at org.springframework.amqp.rabbit.listener.SimpleMessageListenerContainer$AsyncMessageProcessingConsumer.run(SimpleMessageListenerContainer.java:1203) ~[spring-rabbit-2.2.15.RELEASE.jar:2.2.15.RELEASE]
	at java.base/java.lang.Thread.run(Thread.java:831) ~[na:na]
Caused by: org.springframework.amqp.rabbit.support.ListenerExecutionFailedException: Listener method could not be invoked with the incoming message
Endpoint handler details:
Method [public void rabbitmq.messaging.core.com.petisl.notificationservice.RabbitmqConsumerService.consumeEmail(request.model.com.petisl.notificationservice.MailRequest)]
Bean [rabbitmq.messaging.core.com.petisl.notificationservice.RabbitmqConsumerService@3e501263]
	at org.springframework.amqp.rabbit.listener.adapter.MessagingMessageListenerAdapter.invokeHandler(MessagingMessageListenerAdapter.java:225) ~[spring-rabbit-2.2.15.RELEASE.jar:2.2.15.RELEASE]
	at org.springframework.amqp.rabbit.listener.adapter.MessagingMessageListenerAdapter.invokeHandlerAndProcessResult(MessagingMessageListenerAdapter.java:150) ~[spring-rabbit-2.2.15.RELEASE.jar:2.2.15.RELEASE]
	at org.springframework.amqp.rabbit.listener.adapter.MessagingMessageListenerAdapter.onMessage(MessagingMessageListenerAdapter.java:135) ~[spring-rabbit-2.2.15.RELEASE.jar:2.2.15.RELEASE]
	at org.springframework.amqp.rabbit.listener.AbstractMessageListenerContainer.doInvokeListener(AbstractMessageListenerContainer.java:1608) ~[spring-rabbit-2.2.15.RELEASE.jar:2.2.15.RELEASE]
	at org.springframework.amqp.rabbit.listener.AbstractMessageListenerContainer.actualInvokeListener(AbstractMessageListenerContainer.java:1527) ~[spring-rabbit-2.2.15.RELEASE.jar:2.2.15.RELEASE]
	at java.base/jdk.internal.reflect.NativeMethodAccessorImpl.invoke0(Native Method) ~[na:na]
	at java.base/jdk.internal.reflect.NativeMethodAccessorImpl.invoke(NativeMethodAccessorImpl.java:78) ~[na:na]
	at java.base/jdk.internal.reflect.DelegatingMethodAccessorImpl.invoke(DelegatingMethodAccessorImpl.java:43) ~[na:na]
	at java.base/java.lang.reflect.Method.invoke(Method.java:567) ~[na:na]
	at org.springframework.aop.support.AopUtils.invokeJoinpointUsingReflection(AopUtils.java:344) ~[spring-aop-5.2.13.RELEASE.jar:5.2.13.RELEASE]
	at org.springframework.aop.framework.ReflectiveMethodInvocation.invokeJoinpoint(ReflectiveMethodInvocation.java:198) ~[spring-aop-5.2.13.RELEASE.jar:5.2.13.RELEASE]
	at org.springframework.aop.framework.ReflectiveMethodInvocation.proceed(ReflectiveMethodInvocation.java:163) ~[spring-aop-5.2.13.RELEASE.jar:5.2.13.RELEASE]
	at brave.spring.rabbit.TracingRabbitListenerAdvice.invoke(TracingRabbitListenerAdvice.java:108) ~[brave-instrumentation-spring-rabbit-5.12.7.jar:na]
	at org.springframework.aop.framework.ReflectiveMethodInvocation.proceed(ReflectiveMethodInvocation.java:186) ~[spring-aop-5.2.13.RELEASE.jar:5.2.13.RELEASE]
	at org.springframework.aop.framework.JdkDynamicAopProxy.invoke(JdkDynamicAopProxy.java:212) ~[spring-aop-5.2.13.RELEASE.jar:5.2.13.RELEASE]
	at org.springframework.amqp.rabbit.listener.$Proxy246.invokeListener(Unknown Source) ~[na:2.2.15.RELEASE]
	at org.springframework.amqp.rabbit.listener.AbstractMessageListenerContainer.invokeListener(AbstractMessageListenerContainer.java:1515) ~[spring-rabbit-2.2.15.RELEASE.jar:2.2.15.RELEASE]
	at org.springframework.amqp.rabbit.listener.AbstractMessageListenerContainer.doExecuteListener(AbstractMessageListenerContainer.java:1506) ~[spring-rabbit-2.2.15.RELEASE.jar:2.2.15.RELEASE]
	at org.springframework.amqp.rabbit.listener.AbstractMessageListenerContainer.executeListener(AbstractMessageListenerContainer.java:1450) ~[spring-rabbit-2.2.15.RELEASE.jar:2.2.15.RELEASE]
	... 6 common frames omitted
Caused by: org.springframework.messaging.converter.MessageConversionException: Cannot convert from [[B] to [request.model.com.petisl.notificationservice.MailRequest] for GenericMessage [payload=byte[1087], headers={amqp_receivedDeliveryMode=PERSISTENT, amqp_receivedRoutingKey=hydrogenhr-notification.key, amqp_receivedExchange=hydrogenhr-email-exchange, amqp_deliveryTag=2, amqp_consumerQueue=hydrogenhr-email-notification, amqp_redelivered=false, id=f5f36e7d-f43d-cad9-8612-51c01d83a498, amqp_consumerTag=amq.ctag-aBMkHrH1A04w37Egk-W81Q, amqp_lastInBatch=false, contentType=application/x-java-serialized-object, timestamp=1682296710541}]
	at org.springframework.messaging.handler.annotation.support.PayloadMethodArgumentResolver.resolveArgument(PayloadMethodArgumentResolver.java:145) ~[spring-messaging-5.2.13.RELEASE.jar:5.2.13.RELEASE]
	at org.springframework.messaging.handler.invocation.HandlerMethodArgumentResolverComposite.resolveArgument(HandlerMethodArgumentResolverComposite.java:117) ~[spring-messaging-5.2.13.RELEASE.jar:5.2.13.RELEASE]
	at org.springframework.messaging.handler.invocation.InvocableHandlerMethod.getMethodArgumentValues(InvocableHandlerMethod.java:148) ~[spring-messaging-5.2.13.RELEASE.jar:5.2.13.RELEASE]
	at org.springframework.messaging.handler.invocation.InvocableHandlerMethod.invoke(InvocableHandlerMethod.java:116) ~[spring-messaging-5.2.13.RELEASE.jar:5.2.13.RELEASE]
	at org.springframework.amqp.rabbit.listener.adapter.HandlerAdapter.invoke(HandlerAdapter.java:53) ~[spring-rabbit-2.2.15.RELEASE.jar:2.2.15.RELEASE]
	at org.springframework.amqp.rabbit.listener.adapter.MessagingMessageListenerAdapter.invokeHandler(MessagingMessageListenerAdapter.java:222) ~[spring-rabbit-2.2.15.RELEASE.jar:2.2.15.RELEASE]
	... 24 common frames omitted

2023-04-24 01:51:10.205  INFO [,,,] 12816 --- [SpringContextShutdownHook] o.e.jetty.server.AbstractConnector       : Stopped ServerConnector@256784e5{HTTP/1.1, (http/1.1)}{0.0.0.0:18087}
2023-04-24 01:51:10.205  INFO [,,,] 12816 --- [SpringContextShutdownHook] org.eclipse.jetty.server.session         : node0 Stopped scavenging
2023-04-24 01:51:10.208  INFO [,,,] 12816 --- [SpringContextShutdownHook] o.e.j.s.h.ContextHandler.application     : Destroying Spring FrameworkServlet 'dispatcherServlet'
2023-04-24 01:51:10.209  INFO [,,,] 12816 --- [SpringContextShutdownHook] o.e.jetty.server.handler.ContextHandler  : Stopped o.s.b.w.e.j.JettyEmbeddedWebAppContext@55a3d147{application,/,[file:///C:/Users/User/AppData/Local/Temp/jetty-docbase.18087.1577310285746624778/, jar:file:/C:/Users/User/.m2/repository/io/springfox/springfox-swagger-ui/2.9.2/springfox-swagger-ui-2.9.2.jar!/META-INF/resources],STOPPED}
2023-04-24 01:51:10.222  INFO [,,,] 12816 --- [SpringContextShutdownHook] o.s.a.r.l.SimpleMessageListenerContainer : Waiting for workers to finish.
2023-04-24 01:51:11.013  INFO [,,,] 12816 --- [SpringContextShutdownHook] o.s.a.r.l.SimpleMessageListenerContainer : Successfully waited for workers to finish.
2023-04-24 01:51:11.035  INFO [,,,] 12816 --- [SpringContextShutdownHook] o.s.a.r.l.SimpleMessageListenerContainer : Waiting for workers to finish.
2023-04-24 01:51:11.246  INFO [,,,] 12816 --- [SpringContextShutdownHook] o.s.a.r.l.SimpleMessageListenerContainer : Successfully waited for workers to finish.
2023-04-24 01:51:11.248 DEBUG [,,,] 12816 --- [SpringContextShutdownHook] org.springframework.web.SimpLogging      : clientOutboundChannel removed SubProtocolWebSocketHandler[StompSubProtocolHandler[v10.stomp, v11.stomp, v12.stomp]]
2023-04-24 01:51:11.248 DEBUG [,,,] 12816 --- [SpringContextShutdownHook] org.springframework.web.SimpLogging      : clientInboundChannel removed WebSocketAnnotationMethodMessageHandler[prefixes=[/topic/]]
2023-04-24 01:51:11.249  INFO [,,,] 12816 --- [SpringContextShutdownHook] o.s.m.s.b.SimpleBrokerMessageHandler     : Stopping...
2023-04-24 01:51:11.249  INFO [,,,] 12816 --- [SpringContextShutdownHook] o.s.m.s.b.SimpleBrokerMessageHandler     : BrokerAvailabilityEvent[available=false, SimpleBrokerMessageHandler [DefaultSubscriptionRegistry[cache[0 destination(s)], registry[0 sessions]]]]
2023-04-24 01:51:11.250 DEBUG [,,,] 12816 --- [SpringContextShutdownHook] org.springframework.web.SimpLogging      : clientInboundChannel removed SimpleBrokerMessageHandler [DefaultSubscriptionRegistry[cache[0 destination(s)], registry[0 sessions]]]
2023-04-24 01:51:11.251 DEBUG [,,,] 12816 --- [SpringContextShutdownHook] org.springframework.web.SimpLogging      : brokerChannel removed SimpleBrokerMessageHandler [DefaultSubscriptionRegistry[cache[0 destination(s)], registry[0 sessions]]]
2023-04-24 01:51:11.251  INFO [,,,] 12816 --- [SpringContextShutdownHook] o.s.m.s.b.SimpleBrokerMessageHandler     : Stopped.
2023-04-24 01:51:11.251 DEBUG [,,,] 12816 --- [SpringContextShutdownHook] org.springframework.web.SimpLogging      : clientInboundChannel removed UserDestinationMessageHandler[DefaultUserDestinationResolver[prefix=/user/]]
2023-04-24 01:51:11.252 DEBUG [,,,] 12816 --- [SpringContextShutdownHook] org.springframework.web.SimpLogging      : brokerChannel removed UserDestinationMessageHandler[DefaultUserDestinationResolver[prefix=/user/]]
2023-04-24 01:51:11.257  INFO [,,,] 12816 --- [SpringContextShutdownHook] o.a.c.impl.engine.AbstractCamelContext   : Apache Camel 3.5.0 (camel-1) is shutting down
2023-04-24 01:51:11.276  INFO [,,,] 12816 --- [SpringContextShutdownHook] o.a.c.impl.engine.AbstractCamelContext   : Apache Camel 3.5.0 (camel-1) uptime 15 minutes
2023-04-24 01:51:11.277  INFO [,,,] 12816 --- [SpringContextShutdownHook] o.a.c.impl.engine.AbstractCamelContext   : Apache Camel 3.5.0 (camel-1) is shutdown in 0.019 seconds
2023-04-24 01:51:11.280  INFO [,,,] 12816 --- [SpringContextShutdownHook] o.e.jetty.server.AbstractConnector       : Stopped ServerConnector@49c8b507{HTTP/1.1, (http/1.1)}{0.0.0.0:8087}
2023-04-24 01:51:11.281  INFO [,,,] 12816 --- [SpringContextShutdownHook] org.eclipse.jetty.server.session         : node0 Stopped scavenging
2023-04-24 01:51:11.284  INFO [,,,] 12816 --- [SpringContextShutdownHook] o.e.j.s.h.ContextHandler.application     : Destroying Spring FrameworkServlet 'dispatcherServlet'
2023-04-24 01:51:11.285  INFO [,,,] 12816 --- [SpringContextShutdownHook] o.e.jetty.server.handler.ContextHandler  : Stopped o.s.b.w.e.j.JettyEmbeddedWebAppContext@16aa5bd8{application,/api/v1,[file:///C:/Users/User/AppData/Local/Temp/jetty-docbase.8087.906343488893693395/, jar:file:/C:/Users/User/.m2/repository/io/springfox/springfox-swagger-ui/2.9.2/springfox-swagger-ui-2.9.2.jar!/META-INF/resources],STOPPED}
2023-04-24 01:51:11.401  INFO [,,,] 12816 --- [SpringContextShutdownHook] o.s.s.concurrent.ThreadPoolTaskExecutor  : Shutting down ExecutorService 'brokerChannelExecutor'
2023-04-24 01:51:11.410  INFO [,,,] 12816 --- [SpringContextShutdownHook] o.s.s.c.ThreadPoolTaskScheduler          : Shutting down ExecutorService 'messageBrokerTaskScheduler'
2023-04-24 01:51:11.413  INFO [,,,] 12816 --- [SpringContextShutdownHook] o.s.a.r.l.SimpleMessageListenerContainer : Shutdown ignored - container is not active already
2023-04-24 01:51:11.420  INFO [,,,] 12816 --- [SpringContextShutdownHook] o.s.a.r.l.SimpleMessageListenerContainer : Shutdown ignored - container is not active already
2023-04-24 01:51:11.456  INFO [,,,] 12816 --- [SpringContextShutdownHook] o.s.s.concurrent.ThreadPoolTaskExecutor  : Shutting down ExecutorService 'clientOutboundChannelExecutor'
2023-04-24 01:51:11.459  INFO [,,,] 12816 --- [SpringContextShutdownHook] o.s.s.concurrent.ThreadPoolTaskExecutor  : Shutting down ExecutorService 'clientInboundChannelExecutor'
2023-04-24 01:51:11.461  INFO [,,,] 12816 --- [SpringContextShutdownHook] j.LocalContainerEntityManagerFactoryBean : Closing JPA EntityManagerFactory for persistence unit 'default'
2023-04-24 01:51:11.506  INFO [,,,] 12816 --- [SpringContextShutdownHook] com.zaxxer.hikari.HikariDataSource       : HikariPool-1 - Shutdown initiated...
2023-04-24 01:51:11.564  INFO [,,,] 12816 --- [SpringContextShutdownHook] com.zaxxer.hikari.HikariDataSource       : HikariPool-1 - Shutdown completed.
2023-04-24 01:51:38.845  INFO [alaje-notification-service,,,] 13524 --- [restartedMain] o.s.b.devtools.restart.ChangeableUrls    : The Class-Path manifest attribute in C:\Users\User\.m2\repository\com\sun\xml\bind\jaxb-core\2.3.0.1\jaxb-core-2.3.0.1.jar referenced one or more files that do not exist: file:/C:/Users/User/.m2/repository/com/sun/xml/bind/jaxb-core/2.3.0.1/jaxb-api.jar
2023-04-24 01:51:38.889  INFO [alaje-notification-service,,,] 13524 --- [restartedMain] o.s.b.devtools.restart.ChangeableUrls    : The Class-Path manifest attribute in C:\Users\User\.m2\repository\com\sun\xml\bind\jaxb-impl\2.3.1\jaxb-impl-2.3.1.jar referenced one or more files that do not exist: file:/C:/Users/User/.m2/repository/com/sun/xml/bind/jaxb-impl/2.3.1/jaxb-runtime-2.3.1.jar,file:/C:/Users/User/.m2/repository/com/sun/xml/bind/jaxb-impl/2.3.1/txw2-2.3.1.jar,file:/C:/Users/User/.m2/repository/com/sun/xml/bind/jaxb-impl/2.3.1/istack-commons-runtime-3.0.7.jar,file:/C:/Users/User/.m2/repository/com/sun/xml/bind/jaxb-impl/2.3.1/stax-ex-1.8.jar,file:/C:/Users/User/.m2/repository/com/sun/xml/bind/jaxb-impl/2.3.1/FastInfoset-1.2.15.jar,file:/C:/Users/User/.m2/repository/com/sun/xml/bind/jaxb-impl/2.3.1/javax.activation-api-1.2.0.jar
2023-04-24 01:51:38.891  INFO [alaje-notification-service,,,] 13524 --- [restartedMain] .e.DevToolsPropertyDefaultsPostProcessor : Devtools property defaults active! Set 'spring.devtools.add-properties' to 'false' to disable
2023-04-24 01:51:40.210  INFO [alaje-notification-service,,,] 13524 --- [restartedMain] ptablePropertiesBeanFactoryPostProcessor : Post-processing PropertySource instances
2023-04-24 01:51:40.435  INFO [alaje-notification-service,,,] 13524 --- [restartedMain] c.u.j.EncryptablePropertySourceConverter : Converting PropertySource configurationProperties [org.springframework.boot.context.properties.source.ConfigurationPropertySourcesPropertySource] to AOP Proxy
2023-04-24 01:51:40.440  INFO [alaje-notification-service,,,] 13524 --- [restartedMain] c.u.j.EncryptablePropertySourceConverter : Converting PropertySource bootstrap [org.springframework.core.env.MapPropertySource] to EncryptableMapPropertySourceWrapper
2023-04-24 01:51:40.441  INFO [alaje-notification-service,,,] 13524 --- [restartedMain] c.u.j.EncryptablePropertySourceConverter : Converting PropertySource systemProperties [org.springframework.core.env.PropertiesPropertySource] to EncryptableMapPropertySourceWrapper
2023-04-24 01:51:40.442  INFO [alaje-notification-service,,,] 13524 --- [restartedMain] c.u.j.EncryptablePropertySourceConverter : Converting PropertySource systemEnvironment [org.springframework.boot.env.SystemEnvironmentPropertySourceEnvironmentPostProcessor$OriginAwareSystemEnvironmentPropertySource] to EncryptableSystemEnvironmentPropertySourceWrapper
2023-04-24 01:51:40.443  INFO [alaje-notification-service,,,] 13524 --- [restartedMain] c.u.j.EncryptablePropertySourceConverter : Converting PropertySource random [org.springframework.boot.env.RandomValuePropertySource] to EncryptablePropertySourceWrapper
2023-04-24 01:51:40.444  INFO [alaje-notification-service,,,] 13524 --- [restartedMain] c.u.j.EncryptablePropertySourceConverter : Converting PropertySource springCloudClientHostInfo [org.springframework.core.env.MapPropertySource] to EncryptableMapPropertySourceWrapper
2023-04-24 01:51:40.445  INFO [alaje-notification-service,,,] 13524 --- [restartedMain] c.u.j.EncryptablePropertySourceConverter : Converting PropertySource applicationConfig: [classpath:/bootstrap-dev.properties] [org.springframework.boot.env.OriginTrackedMapPropertySource] to EncryptableMapPropertySourceWrapper
2023-04-24 01:51:40.445  INFO [alaje-notification-service,,,] 13524 --- [restartedMain] c.u.j.EncryptablePropertySourceConverter : Converting PropertySource applicationConfig: [classpath:/bootstrap.properties] [org.springframework.boot.env.OriginTrackedMapPropertySource] to EncryptableMapPropertySourceWrapper
2023-04-24 01:51:40.446  INFO [alaje-notification-service,,,] 13524 --- [restartedMain] c.u.j.EncryptablePropertySourceConverter : Converting PropertySource devtools [org.springframework.core.env.MapPropertySource] to EncryptableMapPropertySourceWrapper
2023-04-24 01:51:40.447  INFO [alaje-notification-service,,,] 13524 --- [restartedMain] c.u.j.EncryptablePropertySourceConverter : Converting PropertySource defaultProperties [org.springframework.core.env.MapPropertySource] to EncryptableMapPropertySourceWrapper
2023-04-24 01:51:40.701  INFO [alaje-notification-service,,,] 13524 --- [restartedMain] c.u.j.filter.DefaultLazyPropertyFilter   : Property Filter custom Bean not found with name 'encryptablePropertyFilter'. Initializing Default Property Filter
2023-04-24 01:51:40.783  INFO [alaje-notification-service,,,] 13524 --- [restartedMain] c.u.j.r.DefaultLazyPropertyResolver      : Property Resolver custom Bean not found with name 'encryptablePropertyResolver'. Initializing Default Property Resolver
2023-04-24 01:51:40.796  INFO [alaje-notification-service,,,] 13524 --- [restartedMain] c.u.j.d.DefaultLazyPropertyDetector      : Property Detector custom Bean not found with name 'encryptablePropertyDetector'. Initializing Default Property Detector
2023-04-24 01:51:41.699  INFO [,,,] 13524 --- [restartedMain] c.c.c.ConfigServicePropertySourceLocator : Fetching config from server at : http://localhost:8888
2023-04-24 01:51:41.794 DEBUG [,,,] 13524 --- [restartedMain] o.s.web.client.RestTemplate              : HTTP GET http://localhost:8888/alaje-notification-service/dev
2023-04-24 01:51:42.034 DEBUG [,,,] 13524 --- [restartedMain] o.s.web.client.RestTemplate              : Accept=[application/json, application/*+json]
2023-04-24 01:51:42.053  INFO [,,,] 13524 --- [restartedMain] c.c.c.ConfigServicePropertySourceLocator : Connect Timeout Exception on Url - http://localhost:8888. Will be trying the next url if available
2023-04-24 01:51:42.055  WARN [,,,] 13524 --- [restartedMain] c.c.c.ConfigServicePropertySourceLocator : Could not locate PropertySource: I/O error on GET request for "http://localhost:8888/alaje-notification-service/dev": Connection refused: no further information; nested exception is java.net.ConnectException: Connection refused: no further information
2023-04-24 01:51:42.064  INFO [,,,] 13524 --- [restartedMain] c.a.n.NotificationServiceApplication     : The following profiles are active: dev
2023-04-24 01:51:52.741  INFO [,,,] 13524 --- [restartedMain] .s.d.r.c.RepositoryConfigurationDelegate : Bootstrapping Spring Data JPA repositories in DEFAULT mode.
2023-04-24 01:51:53.481  INFO [,,,] 13524 --- [restartedMain] .s.d.r.c.RepositoryConfigurationDelegate : Finished Spring Data repository scanning in 715ms. Found 2 JPA repository interfaces.
2023-04-24 01:51:54.936  INFO [,,,] 13524 --- [restartedMain] o.s.cloud.context.scope.GenericScope     : BeanFactory id=53a67503-8064-3d29-9554-7e586e031e4f
2023-04-24 01:51:55.053  INFO [,,,] 13524 --- [restartedMain] ptablePropertiesBeanFactoryPostProcessor : Post-processing PropertySource instances
2023-04-24 01:51:55.098  INFO [,,,] 13524 --- [restartedMain] c.u.j.EncryptablePropertySourceConverter : Converting PropertySource configurationProperties [org.springframework.boot.context.properties.source.ConfigurationPropertySourcesPropertySource] to AOP Proxy
2023-04-24 01:51:55.099  INFO [,,,] 13524 --- [restartedMain] c.u.j.EncryptablePropertySourceConverter : Converting PropertySource servletConfigInitParams [org.springframework.core.env.PropertySource$StubPropertySource] to EncryptablePropertySourceWrapper
2023-04-24 01:51:55.101  INFO [,,,] 13524 --- [restartedMain] c.u.j.EncryptablePropertySourceConverter : Converting PropertySource servletContextInitParams [org.springframework.core.env.PropertySource$StubPropertySource] to EncryptablePropertySourceWrapper
2023-04-24 01:51:55.104  INFO [,,,] 13524 --- [restartedMain] c.u.j.EncryptablePropertySourceConverter : Converting PropertySource systemProperties [org.springframework.core.env.PropertiesPropertySource] to EncryptableMapPropertySourceWrapper
2023-04-24 01:51:55.104  INFO [,,,] 13524 --- [restartedMain] c.u.j.EncryptablePropertySourceConverter : Converting PropertySource systemEnvironment [org.springframework.boot.env.SystemEnvironmentPropertySourceEnvironmentPostProcessor$OriginAwareSystemEnvironmentPropertySource] to EncryptableSystemEnvironmentPropertySourceWrapper
2023-04-24 01:51:55.105  INFO [,,,] 13524 --- [restartedMain] c.u.j.EncryptablePropertySourceConverter : Converting PropertySource random [org.springframework.boot.env.RandomValuePropertySource] to EncryptablePropertySourceWrapper
2023-04-24 01:51:55.107  INFO [,,,] 13524 --- [restartedMain] c.u.j.EncryptablePropertySourceConverter : Converting PropertySource springCloudClientHostInfo [org.springframework.core.env.MapPropertySource] to EncryptableMapPropertySourceWrapper
2023-04-24 01:51:55.108  INFO [,,,] 13524 --- [restartedMain] c.u.j.EncryptablePropertySourceConverter : Converting PropertySource applicationConfig: [classpath:/application.properties] [org.springframework.boot.env.OriginTrackedMapPropertySource] to EncryptableMapPropertySourceWrapper
2023-04-24 01:51:55.109  INFO [,,,] 13524 --- [restartedMain] c.u.j.EncryptablePropertySourceConverter : Converting PropertySource devtools [org.springframework.core.env.MapPropertySource] to EncryptableMapPropertySourceWrapper
2023-04-24 01:51:55.109  INFO [,,,] 13524 --- [restartedMain] c.u.j.EncryptablePropertySourceConverter : Converting PropertySource springCloudDefaultProperties [org.springframework.core.env.MapPropertySource] to EncryptableMapPropertySourceWrapper
2023-04-24 01:51:55.110  INFO [,,,] 13524 --- [restartedMain] c.u.j.EncryptablePropertySourceConverter : Converting PropertySource cachedrandom [org.springframework.cloud.util.random.CachedRandomPropertySource] to EncryptablePropertySourceWrapper
2023-04-24 01:51:55.111  INFO [,,,] 13524 --- [restartedMain] c.u.j.EncryptablePropertySourceConverter : Converting PropertySource defaultProperties [org.springframework.core.env.MapPropertySource] to EncryptableMapPropertySourceWrapper
2023-04-24 01:51:55.422  INFO [,,,] 13524 --- [restartedMain] c.u.j.filter.DefaultLazyPropertyFilter   : Property Filter custom Bean not found with name 'encryptablePropertyFilter'. Initializing Default Property Filter
2023-04-24 01:51:57.316  INFO [,,,] 13524 --- [restartedMain] trationDelegate$BeanPostProcessorChecker : Bean 'org.springframework.security.access.expression.method.DefaultMethodSecurityExpressionHandler@21cd4cc8' of type [org.springframework.security.oauth2.provider.expression.OAuth2MethodSecurityExpressionHandler] is not eligible for getting processed by all BeanPostProcessors (for example: not eligible for auto-proxying)
2023-04-24 01:51:57.500  INFO [,,,] 13524 --- [restartedMain] trationDelegate$BeanPostProcessorChecker : Bean 'methodSecurityMetadataSource' of type [org.springframework.security.access.method.DelegatingMethodSecurityMetadataSource] is not eligible for getting processed by all BeanPostProcessors (for example: not eligible for auto-proxying)
2023-04-24 01:51:59.167  INFO [,,,] 13524 --- [restartedMain] c.u.j.r.DefaultLazyPropertyResolver      : Property Resolver custom Bean not found with name 'encryptablePropertyResolver'. Initializing Default Property Resolver
2023-04-24 01:51:59.177  INFO [,,,] 13524 --- [restartedMain] c.u.j.d.DefaultLazyPropertyDetector      : Property Detector custom Bean not found with name 'encryptablePropertyDetector'. Initializing Default Property Detector
2023-04-24 01:51:59.845  INFO [,,,] 13524 --- [restartedMain] org.eclipse.jetty.util.log               : Logging initialized @30368ms to org.eclipse.jetty.util.log.Slf4jLog
2023-04-24 01:52:02.195  INFO [,,,] 13524 --- [restartedMain] o.s.b.w.e.j.JettyServletWebServerFactory : Server initialized with port: 8087
2023-04-24 01:52:02.207  INFO [,,,] 13524 --- [restartedMain] org.eclipse.jetty.server.Server          : jetty-9.4.36.v20210114; built: 2021-01-14T16:44:28.689Z; git: 238ec6997c7806b055319a6d11f8ae7564adc0de; jvm 16.0.1+9-24
2023-04-24 01:52:02.312  INFO [,,,] 13524 --- [restartedMain] o.e.j.s.h.ContextHandler.application     : Initializing Spring embedded WebApplicationContext
2023-04-24 01:52:02.313  INFO [,,,] 13524 --- [restartedMain] w.s.c.ServletWebServerApplicationContext : Root WebApplicationContext: initialization completed in 20196 ms
2023-04-24 01:52:03.723  INFO [,,,] 13524 --- [restartedMain] com.zaxxer.hikari.HikariDataSource       : HikariPool-1 - Starting...
2023-04-24 01:52:05.929  INFO [,,,] 13524 --- [restartedMain] com.zaxxer.hikari.HikariDataSource       : HikariPool-1 - Start completed.
2023-04-24 01:52:05.949  INFO [,,,] 13524 --- [restartedMain] o.s.b.a.h2.H2ConsoleAutoConfiguration    : H2 console available at '/h2-console'. Database available at 'jdbc:mysql://localhost:3306/alaje_notification?createDatabaseIfNotExist=true&useUnicode=true&useJDBCCompliantTimezoneShift=true&useLegacyDatetimeCode=false&serverTimezone=Africa/Lagos'
2023-04-24 01:52:09.829  INFO [,,,] 13524 --- [restartedMain] o.apache.camel.support.LRUCacheFactory   : Detected and using LRUCacheFactory: camel-caffeine-lrucache
2023-04-24 01:52:15.132  INFO [,,,] 13524 --- [restartedMain] org.eclipse.jetty.server.session         : DefaultSessionIdManager workerName=node0
2023-04-24 01:52:15.133  INFO [,,,] 13524 --- [restartedMain] org.eclipse.jetty.server.session         : No SessionScavenger set, using defaults
2023-04-24 01:52:15.139  INFO [,,,] 13524 --- [restartedMain] org.eclipse.jetty.server.session         : node0 Scavenging every 660000ms
2023-04-24 01:52:15.181  INFO [,,,] 13524 --- [restartedMain] o.e.jetty.server.handler.ContextHandler  : Started o.s.b.w.e.j.JettyEmbeddedWebAppContext@15db4010{application,/api/v1,[file:///C:/Users/User/AppData/Local/Temp/jetty-docbase.8087.392541480681538525/, jar:file:/C:/Users/User/.m2/repository/io/springfox/springfox-swagger-ui/2.9.2/springfox-swagger-ui-2.9.2.jar!/META-INF/resources],AVAILABLE}
2023-04-24 01:52:15.183  INFO [,,,] 13524 --- [restartedMain] org.eclipse.jetty.server.Server          : Started @45707ms
2023-04-24 01:52:15.518  INFO [,,,] 13524 --- [restartedMain] o.f.c.internal.license.VersionPrinter    : Flyway Community Edition 6.5.7 by Redgate
2023-04-24 01:52:15.691  INFO [,,,] 13524 --- [restartedMain] o.f.c.internal.database.DatabaseFactory  : Database: jdbc:mysql://localhost:3306/alaje_notification (MySQL 8.0)
2023-04-24 01:52:15.844  INFO [,,,] 13524 --- [restartedMain] o.f.core.internal.command.DbValidate     : Successfully validated 1 migration (execution time 00:00.067s)
2023-04-24 01:52:15.877  INFO [,,,] 13524 --- [restartedMain] o.f.core.internal.command.DbMigrate      : Current version of schema `alaje_notification`: 1.1.0
2023-04-24 01:52:15.880  INFO [,,,] 13524 --- [restartedMain] o.f.core.internal.command.DbMigrate      : Schema `alaje_notification` is up to date. No migration necessary.
2023-04-24 01:52:20.068  INFO [,,,] 13524 --- [restartedMain] j.LocalContainerEntityManagerFactoryBean : Initialized JPA EntityManagerFactory for persistence unit 'default'
2023-04-24 01:52:20.266  INFO [,,,] 13524 --- [restartedMain] o.s.b.d.a.OptionalLiveReloadServer       : LiveReload server is running on port 35729
2023-04-24 01:52:24.214  INFO [,,,] 13524 --- [restartedMain] o.s.s.concurrent.ThreadPoolTaskExecutor  : Initializing ExecutorService 'clientInboundChannelExecutor'
2023-04-24 01:52:24.396  INFO [,,,] 13524 --- [restartedMain] o.s.s.concurrent.ThreadPoolTaskExecutor  : Initializing ExecutorService 'clientOutboundChannelExecutor'
2023-04-24 01:52:26.238 DEBUG [,,,] 13524 --- [restartedMain] s.w.s.m.m.a.RequestMappingHandlerMapping : 21 mappings in 'requestMappingHandlerMapping'
2023-04-24 01:52:28.313  INFO [,,,] 13524 --- [restartedMain] o.s.s.web.DefaultSecurityFilterChain     : Creating filter chain: Ant [pattern='/auth-server/**', POST], []
2023-04-24 01:52:28.314  INFO [,,,] 13524 --- [restartedMain] o.s.s.web.DefaultSecurityFilterChain     : Creating filter chain: Ant [pattern='/**', PUT], []
2023-04-24 01:52:28.315  INFO [,,,] 13524 --- [restartedMain] o.s.s.web.DefaultSecurityFilterChain     : Creating filter chain: Ant [pattern='/', GET], []
2023-04-24 01:52:28.316  INFO [,,,] 13524 --- [restartedMain] o.s.s.web.DefaultSecurityFilterChain     : Creating filter chain: Ant [pattern='/webjars/**', GET], []
2023-04-24 01:52:28.317  INFO [,,,] 13524 --- [restartedMain] o.s.s.web.DefaultSecurityFilterChain     : Creating filter chain: Ant [pattern='/*.html', GET], []
2023-04-24 01:52:28.317  INFO [,,,] 13524 --- [restartedMain] o.s.s.web.DefaultSecurityFilterChain     : Creating filter chain: Ant [pattern='/favicon.ico', GET], []
2023-04-24 01:52:28.318  INFO [,,,] 13524 --- [restartedMain] o.s.s.web.DefaultSecurityFilterChain     : Creating filter chain: Ant [pattern='/**/*.html', GET], []
2023-04-24 01:52:28.318  INFO [,,,] 13524 --- [restartedMain] o.s.s.web.DefaultSecurityFilterChain     : Creating filter chain: Ant [pattern='/**/*.css', GET], []
2023-04-24 01:52:28.318  INFO [,,,] 13524 --- [restartedMain] o.s.s.web.DefaultSecurityFilterChain     : Creating filter chain: Ant [pattern='/**/*.js', GET], []
2023-04-24 01:52:28.319  INFO [,,,] 13524 --- [restartedMain] o.s.s.web.DefaultSecurityFilterChain     : Creating filter chain: Ant [pattern='/api/user/registration-confirm', GET], []
2023-04-24 01:52:28.319  INFO [,,,] 13524 --- [restartedMain] o.s.s.web.DefaultSecurityFilterChain     : Creating filter chain: Ant [pattern='/v1/api-docs'], []
2023-04-24 01:52:28.319  INFO [,,,] 13524 --- [restartedMain] o.s.s.web.DefaultSecurityFilterChain     : Creating filter chain: Ant [pattern='/v2/api-docs'], []
2023-04-24 01:52:28.320  INFO [,,,] 13524 --- [restartedMain] o.s.s.web.DefaultSecurityFilterChain     : Creating filter chain: Ant [pattern='/swagger-resources/**'], []
2023-04-24 01:52:28.322  INFO [,,,] 13524 --- [restartedMain] o.s.s.web.DefaultSecurityFilterChain     : Creating filter chain: Ant [pattern='swagger-ui.html'], []
2023-04-24 01:52:28.322  INFO [,,,] 13524 --- [restartedMain] o.s.s.web.DefaultSecurityFilterChain     : Creating filter chain: Ant [pattern='/configuration/**'], []
2023-04-24 01:52:28.323  INFO [,,,] 13524 --- [restartedMain] o.s.s.web.DefaultSecurityFilterChain     : Creating filter chain: Ant [pattern='/webjars/**'], []
2023-04-24 01:52:28.323  INFO [,,,] 13524 --- [restartedMain] o.s.s.web.DefaultSecurityFilterChain     : Creating filter chain: Ant [pattern='/actuator/**'], []
2023-04-24 01:52:28.323  INFO [,,,] 13524 --- [restartedMain] o.s.s.web.DefaultSecurityFilterChain     : Creating filter chain: Ant [pattern='/public/**'], []
2023-04-24 01:52:28.605  INFO [,,,] 13524 --- [restartedMain] o.s.s.web.DefaultSecurityFilterChain     : Creating filter chain: RequestHeaderRequestMatcher [expectedHeaderName=Authorization, expectedHeaderValue=null], [org.springframework.security.web.context.request.async.WebAsyncManagerIntegrationFilter@75300622, org.springframework.security.web.context.SecurityContextPersistenceFilter@3686a68, org.springframework.security.web.header.HeaderWriterFilter@6daf3fc5, org.springframework.security.web.authentication.logout.LogoutFilter@7a3d9549, org.springframework.security.oauth2.provider.authentication.OAuth2AuthenticationProcessingFilter@1c658c17, org.springframework.security.web.savedrequest.RequestCacheAwareFilter@37a2463b, org.springframework.security.web.servletapi.SecurityContextHolderAwareRequestFilter@3962cd21, org.springframework.security.web.authentication.AnonymousAuthenticationFilter@655dd4f4, org.springframework.security.web.session.SessionManagementFilter@60690be2, org.springframework.security.web.access.ExceptionTranslationFilter@31c1c47d, org.springframework.security.web.access.intercept.FilterSecurityInterceptor@60dde391]
2023-04-24 01:52:28.656  INFO [,,,] 13524 --- [restartedMain] o.s.s.web.DefaultSecurityFilterChain     : Creating filter chain: any request, [org.springframework.security.web.context.request.async.WebAsyncManagerIntegrationFilter@63a40a6d, org.springframework.security.web.context.SecurityContextPersistenceFilter@1a130a59, org.springframework.security.web.header.HeaderWriterFilter@1f23e045, org.springframework.security.web.authentication.logout.LogoutFilter@7c6b58c3, org.springframework.security.web.savedrequest.RequestCacheAwareFilter@1e5b4858, org.springframework.security.web.servletapi.SecurityContextHolderAwareRequestFilter@1efab21e, org.springframework.security.web.authentication.AnonymousAuthenticationFilter@2f310614, org.springframework.security.web.session.SessionManagementFilter@144e9f8b, org.springframework.security.web.access.ExceptionTranslationFilter@1322fdce, org.springframework.security.web.access.intercept.FilterSecurityInterceptor@6d283360]
2023-04-24 01:52:29.047  INFO [,,,] 13524 --- [restartedMain] pertySourcedRequestMappingHandlerMapping : Mapped URL path [/v2/api-docs] onto method [springfox.documentation.swagger2.web.Swagger2Controller#getDocumentation(String, HttpServletRequest)]
2023-04-24 01:52:29.272  INFO [,,,] 13524 --- [restartedMain] o.s.s.c.ThreadPoolTaskScheduler          : Initializing ExecutorService 'messageBrokerTaskScheduler'
2023-04-24 01:52:29.421 DEBUG [,,,] 13524 --- [restartedMain] o.s.w.s.s.s.WebSocketHandlerMapping      : Patterns [/live/**] in 'stompWebSocketHandlerMapping'
2023-04-24 01:52:29.551  INFO [,,,] 13524 --- [restartedMain] o.s.s.concurrent.ThreadPoolTaskExecutor  : Initializing ExecutorService 'brokerChannelExecutor'
2023-04-24 01:52:29.796 DEBUG [,,,] 13524 --- [restartedMain] .WebSocketAnnotationMethodMessageHandler : 
	c.a.n.r.CssResource:
	
2023-04-24 01:52:29.801 DEBUG [,,,] 13524 --- [restartedMain] .WebSocketAnnotationMethodMessageHandler : 
	c.a.n.r.EmailSetUpResource:
	
2023-04-24 01:52:29.802 DEBUG [,,,] 13524 --- [restartedMain] .WebSocketAnnotationMethodMessageHandler : 
	c.a.n.r.FragmentResource:
	
2023-04-24 01:52:29.803 DEBUG [,,,] 13524 --- [restartedMain] .WebSocketAnnotationMethodMessageHandler : 
	c.a.n.r.NotifyResource:
	
2023-04-24 01:52:29.806 DEBUG [,,,] 13524 --- [restartedMain] .WebSocketAnnotationMethodMessageHandler : 
	c.a.n.r.TestResource:
	
2023-04-24 01:52:29.808 DEBUG [,,,] 13524 --- [restartedMain] .WebSocketAnnotationMethodMessageHandler : 
	s.d.s.w.ApiResourceController:
	
2023-04-24 01:52:29.813 DEBUG [,,,] 13524 --- [restartedMain] .WebSocketAnnotationMethodMessageHandler : 
	o.s.b.a.w.s.e.BasicErrorController:
	
2023-04-24 01:52:30.170  WARN [,,,] 13524 --- [restartedMain] c.n.c.sources.URLConfigurationSource     : No URLs will be polled as dynamic configuration sources.
2023-04-24 01:52:30.171  INFO [,,,] 13524 --- [restartedMain] c.n.c.sources.URLConfigurationSource     : To enable URLs as dynamic configuration sources, define System property archaius.configurationSource.additionalUrls or make config.properties available on classpath.
2023-04-24 01:52:30.194  WARN [,,,] 13524 --- [restartedMain] c.n.c.sources.URLConfigurationSource     : No URLs will be polled as dynamic configuration sources.
2023-04-24 01:52:30.194  INFO [,,,] 13524 --- [restartedMain] c.n.c.sources.URLConfigurationSource     : To enable URLs as dynamic configuration sources, define System property archaius.configurationSource.additionalUrls or make config.properties available on classpath.
2023-04-24 01:52:30.816 DEBUG [,,,] 13524 --- [restartedMain] s.w.s.m.m.a.RequestMappingHandlerAdapter : ControllerAdvice beans: 0 @ModelAttribute, 0 @InitBinder, 1 RequestBodyAdvice, 1 ResponseBodyAdvice
2023-04-24 01:52:31.011 DEBUG [,,,] 13524 --- [restartedMain] o.s.w.s.handler.SimpleUrlHandlerMapping  : Patterns [/css/**, /webjars/**, /**] in 'resourceHandlerMapping'
2023-04-24 01:52:31.188 DEBUG [,,,] 13524 --- [restartedMain] .m.m.a.ExceptionHandlerExceptionResolver : ControllerAdvice beans: 0 @ExceptionHandler, 1 ResponseBodyAdvice
2023-04-24 01:52:34.430  WARN [,,,] 13524 --- [restartedMain] s.o.SpringCloudSecurityAutoConfiguration : All Spring Cloud Security modules and starters are deprecated. They will be moved to individual projects in the next major release.
2023-04-24 01:52:35.057  INFO [,,,] 13524 --- [restartedMain] o.e.j.s.h.ContextHandler.application     : Initializing Spring DispatcherServlet 'dispatcherServlet'
2023-04-24 01:52:35.058  INFO [,,,] 13524 --- [restartedMain] o.s.web.servlet.DispatcherServlet        : Initializing Servlet 'dispatcherServlet'
2023-04-24 01:52:35.059 DEBUG [,,,] 13524 --- [restartedMain] o.s.web.servlet.DispatcherServlet        : Detected StandardServletMultipartResolver
2023-04-24 01:52:35.110 DEBUG [,,,] 13524 --- [restartedMain] o.s.web.servlet.DispatcherServlet        : enableLoggingRequestDetails='false': request parameters and headers will be masked to prevent unsafe logging of potentially sensitive data
2023-04-24 01:52:35.112  INFO [,,,] 13524 --- [restartedMain] o.s.web.servlet.DispatcherServlet        : Completed initialization in 53 ms
2023-04-24 01:52:35.197  INFO [,,,] 13524 --- [restartedMain] o.e.jetty.server.AbstractConnector       : Started ServerConnector@4e8acb3f{HTTP/1.1, (http/1.1)}{0.0.0.0:8087}
2023-04-24 01:52:35.217  INFO [,,,] 13524 --- [restartedMain] o.s.b.web.embedded.jetty.JettyWebServer  : Jetty started on port(s) 8087 (http/1.1) with context path '/api/v1'
2023-04-24 01:52:36.436  INFO [,,,] 13524 --- [restartedMain] o.s.b.w.e.j.JettyServletWebServerFactory : Server initialized with port: 18087
2023-04-24 01:52:36.444  INFO [,,,] 13524 --- [restartedMain] org.eclipse.jetty.server.Server          : jetty-9.4.36.v20210114; built: 2021-01-14T16:44:28.689Z; git: 238ec6997c7806b055319a6d11f8ae7564adc0de; jvm 16.0.1+9-24
2023-04-24 01:52:36.448  INFO [,,,] 13524 --- [restartedMain] o.e.j.s.h.ContextHandler.application     : Initializing Spring embedded WebApplicationContext
2023-04-24 01:52:36.451  INFO [,,,] 13524 --- [restartedMain] w.s.c.ServletWebServerApplicationContext : Root WebApplicationContext: initialization completed in 699 ms
2023-04-24 01:52:36.469  INFO [,,,] 13524 --- [restartedMain] org.eclipse.jetty.server.session         : DefaultSessionIdManager workerName=node0
2023-04-24 01:52:36.470  INFO [,,,] 13524 --- [restartedMain] org.eclipse.jetty.server.session         : No SessionScavenger set, using defaults
2023-04-24 01:52:36.472  INFO [,,,] 13524 --- [restartedMain] org.eclipse.jetty.server.session         : node0 Scavenging every 660000ms
2023-04-24 01:52:36.476  INFO [,,,] 13524 --- [restartedMain] o.e.jetty.server.handler.ContextHandler  : Started o.s.b.w.e.j.JettyEmbeddedWebAppContext@6aac2bac{application,/,[file:///C:/Users/User/AppData/Local/Temp/jetty-docbase.18087.1661723425807832195/, jar:file:/C:/Users/User/.m2/repository/io/springfox/springfox-swagger-ui/2.9.2/springfox-swagger-ui-2.9.2.jar!/META-INF/resources],AVAILABLE}
2023-04-24 01:52:36.479  INFO [,,,] 13524 --- [restartedMain] org.eclipse.jetty.server.Server          : Started @67003ms
2023-04-24 01:52:36.516  INFO [,,,] 13524 --- [restartedMain] o.s.b.a.e.web.EndpointLinksResolver      : Exposing 19 endpoint(s) beneath base path '/actuator'
2023-04-24 01:52:36.620 DEBUG [,,,] 13524 --- [restartedMain] s.w.s.m.m.a.RequestMappingHandlerMapping : 1 mappings in 'requestMappingHandlerMapping'
2023-04-24 01:52:36.773 DEBUG [,,,] 13524 --- [restartedMain] o.s.w.s.handler.SimpleUrlHandlerMapping  : Patterns [/css/**] in 'resourceHandlerMapping'
2023-04-24 01:52:36.862 DEBUG [,,,] 13524 --- [restartedMain] s.w.s.m.m.a.RequestMappingHandlerAdapter : ControllerAdvice beans: 0 @ModelAttribute, 0 @InitBinder, 1 RequestBodyAdvice, 1 ResponseBodyAdvice
2023-04-24 01:52:36.881  INFO [,,,] 13524 --- [restartedMain] o.e.j.s.h.ContextHandler.application     : Initializing Spring DispatcherServlet 'dispatcherServlet'
2023-04-24 01:52:36.881  INFO [,,,] 13524 --- [restartedMain] o.s.web.servlet.DispatcherServlet        : Initializing Servlet 'dispatcherServlet'
2023-04-24 01:52:36.884 DEBUG [,,,] 13524 --- [restartedMain] o.s.web.servlet.DispatcherServlet        : Detected StandardServletMultipartResolver
2023-04-24 01:52:36.886 DEBUG [,,,] 13524 --- [restartedMain] o.s.web.servlet.DispatcherServlet        : enableLoggingRequestDetails='false': request parameters and headers will be masked to prevent unsafe logging of potentially sensitive data
2023-04-24 01:52:36.886  INFO [,,,] 13524 --- [restartedMain] o.s.web.servlet.DispatcherServlet        : Completed initialization in 2 ms
2023-04-24 01:52:36.909  INFO [,,,] 13524 --- [restartedMain] o.e.jetty.server.AbstractConnector       : Started ServerConnector@748f8288{HTTP/1.1, (http/1.1)}{0.0.0.0:18087}
2023-04-24 01:52:36.910  INFO [,,,] 13524 --- [restartedMain] o.s.b.web.embedded.jetty.JettyWebServer  : Jetty started on port(s) 18087 (http/1.1) with context path '/'
2023-04-24 01:52:37.516  INFO [,,,] 13524 --- [restartedMain] d.s.w.p.DocumentationPluginsBootstrapper : Context refreshed
2023-04-24 01:52:37.577  INFO [,,,] 13524 --- [restartedMain] d.s.w.p.DocumentationPluginsBootstrapper : Found 1 custom documentation plugin(s)
2023-04-24 01:52:37.703  INFO [,,,] 13524 --- [restartedMain] s.d.s.w.s.ApiListingReferenceScanner     : Scanning for api listing references
2023-04-24 01:52:38.550  INFO [,,,] 13524 --- [restartedMain] .d.s.w.r.o.CachingOperationNameGenerator : Generating unique operation named: fetchEmailSetupUsingGET_1
2023-04-24 01:52:38.738  INFO [,,,] 13524 --- [restartedMain] .d.s.w.r.o.CachingOperationNameGenerator : Generating unique operation named: fetchNotifyModelUsingGET_1
2023-04-24 01:52:38.759  INFO [,,,] 13524 --- [restartedMain] .d.s.w.r.o.CachingOperationNameGenerator : Generating unique operation named: fetchNotifyModelUsingGET_2
2023-04-24 01:52:38.826  INFO [,,,] 13524 --- [restartedMain] o.s.a.r.c.CachingConnectionFactory       : Attempting to connect to: [localhost:5672]
2023-04-24 01:52:39.016  INFO [,,,] 13524 --- [restartedMain] o.s.a.r.c.CachingConnectionFactory       : Created new connection: rabbitConnectionFactory#5672040d:0/SimpleConnection@25e1d4e7 [delegate=amqp://guest@127.0.0.1:5672/, localPort= 53235]
2023-04-24 01:52:39.263 DEBUG [,,,] 13524 --- [restartedMain] org.springframework.web.SimpLogging      : clientOutboundChannel added SubProtocolWebSocketHandler[StompSubProtocolHandler[v10.stomp, v11.stomp, v12.stomp]]
2023-04-24 01:52:39.273 DEBUG [,,,] 13524 --- [restartedMain] org.springframework.web.SimpLogging      : clientInboundChannel added WebSocketAnnotationMethodMessageHandler[prefixes=[/topic/]]
2023-04-24 01:52:39.273  INFO [,,,] 13524 --- [restartedMain] o.s.m.s.b.SimpleBrokerMessageHandler     : Starting...
2023-04-24 01:52:39.274 DEBUG [,,,] 13524 --- [restartedMain] org.springframework.web.SimpLogging      : clientInboundChannel added SimpleBrokerMessageHandler [DefaultSubscriptionRegistry[cache[0 destination(s)], registry[0 sessions]]]
2023-04-24 01:52:39.275 DEBUG [,,,] 13524 --- [restartedMain] org.springframework.web.SimpLogging      : brokerChannel added SimpleBrokerMessageHandler [DefaultSubscriptionRegistry[cache[0 destination(s)], registry[0 sessions]]]
2023-04-24 01:52:39.276  INFO [,,,] 13524 --- [restartedMain] o.s.m.s.b.SimpleBrokerMessageHandler     : BrokerAvailabilityEvent[available=true, SimpleBrokerMessageHandler [DefaultSubscriptionRegistry[cache[0 destination(s)], registry[0 sessions]]]]
2023-04-24 01:52:39.278  INFO [,,,] 13524 --- [restartedMain] o.s.m.s.b.SimpleBrokerMessageHandler     : Started.
2023-04-24 01:52:39.279 DEBUG [,,,] 13524 --- [restartedMain] org.springframework.web.SimpLogging      : clientInboundChannel added UserDestinationMessageHandler[DefaultUserDestinationResolver[prefix=/user/]]
2023-04-24 01:52:39.280 DEBUG [,,,] 13524 --- [restartedMain] org.springframework.web.SimpLogging      : brokerChannel added UserDestinationMessageHandler[DefaultUserDestinationResolver[prefix=/user/]]
2023-04-24 01:52:39.298  INFO [,,,] 13524 --- [restartedMain] o.a.c.s.boot.SpringBootRoutesCollector   : Loading additional Camel XML routes from: classpath:camel/*.xml
2023-04-24 01:52:39.299  INFO [,,,] 13524 --- [restartedMain] o.a.c.s.boot.SpringBootRoutesCollector   : Loading additional Camel XML route templates from: classpath:camel-template/*.xml
2023-04-24 01:52:39.301  INFO [,,,] 13524 --- [restartedMain] o.a.c.s.boot.SpringBootRoutesCollector   : Loading additional Camel XML rests from: classpath:camel-rest/*.xml
2023-04-24 01:52:39.414  INFO [,,,] 13524 --- [restartedMain] o.a.c.impl.engine.AbstractCamelContext   : Apache Camel 3.5.0 (camel-1) is starting
2023-04-24 01:52:39.434  INFO [,,,] 13524 --- [restartedMain] o.a.c.impl.engine.AbstractCamelContext   : StreamCaching is not in use. If using streams then its recommended to enable stream caching. See more details at http://camel.apache.org/stream-caching.html
2023-04-24 01:52:39.434  INFO [,,,] 13524 --- [restartedMain] o.a.c.impl.engine.AbstractCamelContext   : Using HealthCheck: camel-spring-boot
2023-04-24 01:52:39.435  INFO [,,,] 13524 --- [restartedMain] o.a.c.impl.engine.AbstractCamelContext   : Total 0 routes, of which 0 are started
2023-04-24 01:52:39.436  INFO [,,,] 13524 --- [restartedMain] o.a.c.impl.engine.AbstractCamelContext   : Apache Camel 3.5.0 (camel-1) started in 0.021 seconds
2023-04-24 01:52:39.512  INFO [,,,] 13524 --- [restartedMain] c.a.n.NotificationServiceApplication     : Started NotificationServiceApplication in 66.229 seconds (JVM running for 70.036)
2023-04-24 01:53:29.556 ERROR [,,,] 13524 --- [MessageBroker-1] o.s.s.s.TaskUtils$LoggingErrorHandler    : Unexpected error occurred in scheduled task

java.lang.reflect.InaccessibleObjectException: Unable to make protected java.util.concurrent.RunnableScheduledFuture java.util.concurrent.ScheduledThreadPoolExecutor.decorateTask(java.lang.Runnable,java.util.concurrent.RunnableScheduledFuture) accessible: module java.base does not "opens java.util.concurrent" to unnamed module @3bbc39f8
	at java.base/java.lang.reflect.AccessibleObject.checkCanSetAccessible(AccessibleObject.java:357) ~[na:na]
	at java.base/java.lang.reflect.AccessibleObject.checkCanSetAccessible(AccessibleObject.java:297) ~[na:na]
	at java.base/java.lang.reflect.Method.checkCanSetAccessible(Method.java:199) ~[na:na]
	at java.base/java.lang.reflect.Method.setAccessible(Method.java:193) ~[na:na]
	at org.springframework.util.ReflectionUtils.makeAccessible(ReflectionUtils.java:570) ~[spring-core-5.2.13.RELEASE.jar:5.2.13.RELEASE]
	at org.springframework.cloud.sleuth.instrument.async.LazyTraceScheduledThreadPoolExecutor.makeAccessibleIfNotNull(LazyTraceScheduledThreadPoolExecutor.java:121) ~[spring-cloud-sleuth-core-2.2.8.RELEASE.jar:2.2.8.RELEASE]
	at org.springframework.cloud.sleuth.instrument.async.LazyTraceScheduledThreadPoolExecutor.<init>(LazyTraceScheduledThreadPoolExecutor.java:205) ~[spring-cloud-sleuth-core-2.2.8.RELEASE.jar:2.2.8.RELEASE]
	at org.springframework.cloud.sleuth.instrument.async.LazyTraceThreadPoolTaskScheduler.getScheduledThreadPoolExecutor(LazyTraceThreadPoolTaskScheduler.java:181) ~[spring-cloud-sleuth-core-2.2.8.RELEASE.jar:2.2.8.RELEASE]
	at java.base/jdk.internal.reflect.NativeMethodAccessorImpl.invoke0(Native Method) ~[na:na]
	at java.base/jdk.internal.reflect.NativeMethodAccessorImpl.invoke(NativeMethodAccessorImpl.java:78) ~[na:na]
	at java.base/jdk.internal.reflect.DelegatingMethodAccessorImpl.invoke(DelegatingMethodAccessorImpl.java:43) ~[na:na]
	at java.base/java.lang.reflect.Method.invoke(Method.java:567) ~[na:na]
	at org.springframework.cloud.sleuth.instrument.async.ExecutorMethodInterceptor.invoke(ExecutorBeanPostProcessor.java:356) ~[spring-cloud-sleuth-core-2.2.8.RELEASE.jar:2.2.8.RELEASE]
	at org.springframework.aop.framework.ReflectiveMethodInvocation.proceed(ReflectiveMethodInvocation.java:186) ~[spring-aop-5.2.13.RELEASE.jar:5.2.13.RELEASE]
	at org.springframework.aop.framework.CglibAopProxy$CglibMethodInvocation.proceed(CglibAopProxy.java:749) ~[spring-aop-5.2.13.RELEASE.jar:5.2.13.RELEASE]
	at org.springframework.aop.framework.CglibAopProxy$DynamicAdvisedInterceptor.intercept(CglibAopProxy.java:691) ~[spring-aop-5.2.13.RELEASE.jar:5.2.13.RELEASE]
	at org.springframework.scheduling.concurrent.ThreadPoolTaskScheduler$$EnhancerBySpringCGLIB$$859ac5c6.getScheduledThreadPoolExecutor(<generated>) ~[spring-context-5.2.13.RELEASE.jar:5.2.13.RELEASE]
	at org.springframework.web.socket.config.WebSocketMessageBrokerStats.getSockJsTaskSchedulerStatsInfo(WebSocketMessageBrokerStats.java:198) ~[spring-websocket-5.2.13.RELEASE.jar:5.2.13.RELEASE]
	at org.springframework.web.socket.config.WebSocketMessageBrokerStats.toString(WebSocketMessageBrokerStats.java:219) ~[spring-websocket-5.2.13.RELEASE.jar:5.2.13.RELEASE]
	at org.springframework.web.socket.config.WebSocketMessageBrokerStats.lambda$initLoggingTask$0(WebSocketMessageBrokerStats.java:126) ~[spring-websocket-5.2.13.RELEASE.jar:5.2.13.RELEASE]
	at org.springframework.scheduling.support.DelegatingErrorHandlingRunnable.run(DelegatingErrorHandlingRunnable.java:54) ~[spring-context-5.2.13.RELEASE.jar:5.2.13.RELEASE]
	at java.base/java.util.concurrent.Executors$RunnableAdapter.call(Executors.java:515) ~[na:na]
	at java.base/java.util.concurrent.FutureTask.runAndReset(FutureTask.java:305) ~[na:na]
	at java.base/java.util.concurrent.ScheduledThreadPoolExecutor$ScheduledFutureTask.run(ScheduledThreadPoolExecutor.java:305) ~[na:na]
	at java.base/java.util.concurrent.ThreadPoolExecutor.runWorker(ThreadPoolExecutor.java:1130) ~[na:na]
	at java.base/java.util.concurrent.ThreadPoolExecutor$Worker.run(ThreadPoolExecutor.java:630) ~[na:na]
	at java.base/java.lang.Thread.run(Thread.java:831) ~[na:na]

2023-04-24 02:00:55.908  INFO [,780c3dae13c55270,06c986fdc492a00c,true] 13524 --- [org.springframework.amqp.rabbit.RabbitListenerEndpointContainer#0-1] c.a.n.c.m.r.RabbitmqConsumerService      : Received message as generic: {"subject":"Verification Mail","from":"AlajeTech NoReply <info@alajetech.com>","to":["zraelwalker@gmail.com"],"bcc":[],"cc":[],"type":"html","locale":"en","templateName":"resend_verification","hasAttachment":false,"useTemplate":true,"hasUrlLocation":false,"messageMap":{"url":"http://localhost:8081/api/v1/user/verify-email?token=MTY4MjI5ODA1NDM2MATRE-UREe35a43c6-0335-4585-97f2-04f6edb59c55URE-SREMDAwMDM0MTAwMjg1","platform":"Alaje Citizen"}}
2023-04-24 02:01:11.219  WARN [,,,] 13524 --- [org.springframework.amqp.rabbit.RabbitListenerEndpointContainer#0-1] s.a.r.l.ConditionalRejectingErrorHandler : Execution of Rabbit message listener failed.

org.springframework.amqp.rabbit.support.ListenerExecutionFailedException: Listener method 'public void rabbitmq.messaging.core.com.petisl.notificationservice.RabbitmqConsumerService.consumeEmail(request.model.com.petisl.notificationservice.MailRequest)' threw exception
	at org.springframework.amqp.rabbit.listener.adapter.MessagingMessageListenerAdapter.invokeHandler(MessagingMessageListenerAdapter.java:230) ~[spring-rabbit-2.2.15.RELEASE.jar:2.2.15.RELEASE]
	at org.springframework.amqp.rabbit.listener.adapter.MessagingMessageListenerAdapter.invokeHandlerAndProcessResult(MessagingMessageListenerAdapter.java:150) ~[spring-rabbit-2.2.15.RELEASE.jar:2.2.15.RELEASE]
	at org.springframework.amqp.rabbit.listener.adapter.MessagingMessageListenerAdapter.onMessage(MessagingMessageListenerAdapter.java:135) ~[spring-rabbit-2.2.15.RELEASE.jar:2.2.15.RELEASE]
	at org.springframework.amqp.rabbit.listener.AbstractMessageListenerContainer.doInvokeListener(AbstractMessageListenerContainer.java:1608) ~[spring-rabbit-2.2.15.RELEASE.jar:2.2.15.RELEASE]
	at org.springframework.amqp.rabbit.listener.AbstractMessageListenerContainer.actualInvokeListener(AbstractMessageListenerContainer.java:1527) ~[spring-rabbit-2.2.15.RELEASE.jar:2.2.15.RELEASE]
	at java.base/jdk.internal.reflect.NativeMethodAccessorImpl.invoke0(Native Method) ~[na:na]
	at java.base/jdk.internal.reflect.NativeMethodAccessorImpl.invoke(NativeMethodAccessorImpl.java:78) ~[na:na]
	at java.base/jdk.internal.reflect.DelegatingMethodAccessorImpl.invoke(DelegatingMethodAccessorImpl.java:43) ~[na:na]
	at java.base/java.lang.reflect.Method.invoke(Method.java:567) ~[na:na]
	at org.springframework.aop.support.AopUtils.invokeJoinpointUsingReflection(AopUtils.java:344) ~[spring-aop-5.2.13.RELEASE.jar:5.2.13.RELEASE]
	at org.springframework.aop.framework.ReflectiveMethodInvocation.invokeJoinpoint(ReflectiveMethodInvocation.java:198) ~[spring-aop-5.2.13.RELEASE.jar:5.2.13.RELEASE]
	at org.springframework.aop.framework.ReflectiveMethodInvocation.proceed(ReflectiveMethodInvocation.java:163) ~[spring-aop-5.2.13.RELEASE.jar:5.2.13.RELEASE]
	at brave.spring.rabbit.TracingRabbitListenerAdvice.invoke(TracingRabbitListenerAdvice.java:108) ~[brave-instrumentation-spring-rabbit-5.12.7.jar:na]
	at org.springframework.aop.framework.ReflectiveMethodInvocation.proceed(ReflectiveMethodInvocation.java:186) ~[spring-aop-5.2.13.RELEASE.jar:5.2.13.RELEASE]
	at org.springframework.aop.framework.JdkDynamicAopProxy.invoke(JdkDynamicAopProxy.java:212) ~[spring-aop-5.2.13.RELEASE.jar:5.2.13.RELEASE]
	at org.springframework.amqp.rabbit.listener.$Proxy246.invokeListener(Unknown Source) ~[na:2.2.15.RELEASE]
	at org.springframework.amqp.rabbit.listener.AbstractMessageListenerContainer.invokeListener(AbstractMessageListenerContainer.java:1515) ~[spring-rabbit-2.2.15.RELEASE.jar:2.2.15.RELEASE]
	at org.springframework.amqp.rabbit.listener.AbstractMessageListenerContainer.doExecuteListener(AbstractMessageListenerContainer.java:1506) ~[spring-rabbit-2.2.15.RELEASE.jar:2.2.15.RELEASE]
	at org.springframework.amqp.rabbit.listener.AbstractMessageListenerContainer.executeListener(AbstractMessageListenerContainer.java:1450) ~[spring-rabbit-2.2.15.RELEASE.jar:2.2.15.RELEASE]
	at org.springframework.amqp.rabbit.listener.SimpleMessageListenerContainer.doReceiveAndExecute(SimpleMessageListenerContainer.java:976) ~[spring-rabbit-2.2.15.RELEASE.jar:2.2.15.RELEASE]
	at org.springframework.amqp.rabbit.listener.SimpleMessageListenerContainer.receiveAndExecute(SimpleMessageListenerContainer.java:922) ~[spring-rabbit-2.2.15.RELEASE.jar:2.2.15.RELEASE]
	at org.springframework.amqp.rabbit.listener.SimpleMessageListenerContainer.access$1600(SimpleMessageListenerContainer.java:83) ~[spring-rabbit-2.2.15.RELEASE.jar:2.2.15.RELEASE]
	at org.springframework.amqp.rabbit.listener.SimpleMessageListenerContainer$AsyncMessageProcessingConsumer.mainLoop(SimpleMessageListenerContainer.java:1297) ~[spring-rabbit-2.2.15.RELEASE.jar:2.2.15.RELEASE]
	at org.springframework.amqp.rabbit.listener.SimpleMessageListenerContainer$AsyncMessageProcessingConsumer.run(SimpleMessageListenerContainer.java:1203) ~[spring-rabbit-2.2.15.RELEASE.jar:2.2.15.RELEASE]
	at java.base/java.lang.Thread.run(Thread.java:831) ~[na:na]
Caused by: org.springframework.mail.MailAuthenticationException: Authentication failed; nested exception is javax.mail.AuthenticationFailedException: 535 5.7.8 Error: authentication failed: UGFzc3dvcmQ6

	at org.springframework.mail.javamail.JavaMailSenderImpl.doSend(JavaMailSenderImpl.java:440) ~[spring-context-support-5.2.13.RELEASE.jar:5.2.13.RELEASE]
	at org.springframework.mail.javamail.JavaMailSenderImpl.send(JavaMailSenderImpl.java:361) ~[spring-context-support-5.2.13.RELEASE.jar:5.2.13.RELEASE]
	at org.springframework.mail.javamail.JavaMailSenderImpl.send(JavaMailSenderImpl.java:356) ~[spring-context-support-5.2.13.RELEASE.jar:5.2.13.RELEASE]
	at impl.service.com.petisl.notificationservice.EmailServiceImpl.sendHtmlEmail(EmailServiceImpl.java:79) ~[classes/:na]
	at impl.service.com.petisl.notificationservice.EmailServiceImpl.sendEmail(EmailServiceImpl.java:39) ~[classes/:na]
	at rabbitmq.messaging.core.com.petisl.notificationservice.RabbitmqConsumerService.consumeEmail(RabbitmqConsumerService.java:24) ~[classes/:na]
	at java.base/jdk.internal.reflect.NativeMethodAccessorImpl.invoke0(Native Method) ~[na:na]
	at java.base/jdk.internal.reflect.NativeMethodAccessorImpl.invoke(NativeMethodAccessorImpl.java:78) ~[na:na]
	at java.base/jdk.internal.reflect.DelegatingMethodAccessorImpl.invoke(DelegatingMethodAccessorImpl.java:43) ~[na:na]
	at java.base/java.lang.reflect.Method.invoke(Method.java:567) ~[na:na]
	at org.springframework.messaging.handler.invocation.InvocableHandlerMethod.doInvoke(InvocableHandlerMethod.java:171) ~[spring-messaging-5.2.13.RELEASE.jar:5.2.13.RELEASE]
	at org.springframework.messaging.handler.invocation.InvocableHandlerMethod.invoke(InvocableHandlerMethod.java:120) ~[spring-messaging-5.2.13.RELEASE.jar:5.2.13.RELEASE]
	at org.springframework.amqp.rabbit.listener.adapter.HandlerAdapter.invoke(HandlerAdapter.java:53) ~[spring-rabbit-2.2.15.RELEASE.jar:2.2.15.RELEASE]
	at org.springframework.amqp.rabbit.listener.adapter.MessagingMessageListenerAdapter.invokeHandler(MessagingMessageListenerAdapter.java:222) ~[spring-rabbit-2.2.15.RELEASE.jar:2.2.15.RELEASE]
	... 24 common frames omitted
Caused by: javax.mail.AuthenticationFailedException: 535 5.7.8 Error: authentication failed: UGFzc3dvcmQ6

	at com.sun.mail.smtp.SMTPTransport$Authenticator.authenticate(SMTPTransport.java:947) ~[jakarta.mail-1.6.5.jar:1.6.5]
	at com.sun.mail.smtp.SMTPTransport.authenticate(SMTPTransport.java:858) ~[jakarta.mail-1.6.5.jar:1.6.5]
	at com.sun.mail.smtp.SMTPTransport.protocolConnect(SMTPTransport.java:762) ~[jakarta.mail-1.6.5.jar:1.6.5]
	at javax.mail.Service.connect(Service.java:342) ~[jakarta.mail-1.6.5.jar:1.6.5]
	at org.springframework.mail.javamail.JavaMailSenderImpl.connectTransport(JavaMailSenderImpl.java:518) ~[spring-context-support-5.2.13.RELEASE.jar:5.2.13.RELEASE]
	at org.springframework.mail.javamail.JavaMailSenderImpl.doSend(JavaMailSenderImpl.java:437) ~[spring-context-support-5.2.13.RELEASE.jar:5.2.13.RELEASE]
	... 37 common frames omitted

2023-04-24 02:03:03.573  INFO [,,,] 13524 --- [SpringContextShutdownHook] o.e.jetty.server.AbstractConnector       : Stopped ServerConnector@748f8288{HTTP/1.1, (http/1.1)}{0.0.0.0:18087}
2023-04-24 02:03:03.574  INFO [,,,] 13524 --- [SpringContextShutdownHook] org.eclipse.jetty.server.session         : node0 Stopped scavenging
2023-04-24 02:03:03.595  INFO [,,,] 13524 --- [SpringContextShutdownHook] o.e.j.s.h.ContextHandler.application     : Destroying Spring FrameworkServlet 'dispatcherServlet'
2023-04-24 02:03:03.601  INFO [,,,] 13524 --- [SpringContextShutdownHook] o.e.jetty.server.handler.ContextHandler  : Stopped o.s.b.w.e.j.JettyEmbeddedWebAppContext@6aac2bac{application,/,[file:///C:/Users/User/AppData/Local/Temp/jetty-docbase.18087.1661723425807832195/, jar:file:/C:/Users/User/.m2/repository/io/springfox/springfox-swagger-ui/2.9.2/springfox-swagger-ui-2.9.2.jar!/META-INF/resources],STOPPED}
2023-04-24 02:03:03.620  INFO [,,,] 13524 --- [SpringContextShutdownHook] o.s.a.r.l.SimpleMessageListenerContainer : Waiting for workers to finish.
2023-04-24 02:03:04.314  INFO [,,,] 13524 --- [SpringContextShutdownHook] o.s.a.r.l.SimpleMessageListenerContainer : Successfully waited for workers to finish.
2023-04-24 02:03:04.317  INFO [,,,] 13524 --- [SpringContextShutdownHook] o.s.a.r.l.SimpleMessageListenerContainer : Waiting for workers to finish.
2023-04-24 02:03:04.979  INFO [,,,] 13524 --- [SpringContextShutdownHook] o.s.a.r.l.SimpleMessageListenerContainer : Successfully waited for workers to finish.
2023-04-24 02:03:04.980 DEBUG [,,,] 13524 --- [SpringContextShutdownHook] org.springframework.web.SimpLogging      : clientOutboundChannel removed SubProtocolWebSocketHandler[StompSubProtocolHandler[v10.stomp, v11.stomp, v12.stomp]]
2023-04-24 02:03:04.981 DEBUG [,,,] 13524 --- [SpringContextShutdownHook] org.springframework.web.SimpLogging      : clientInboundChannel removed WebSocketAnnotationMethodMessageHandler[prefixes=[/topic/]]
2023-04-24 02:03:04.982  INFO [,,,] 13524 --- [SpringContextShutdownHook] o.s.m.s.b.SimpleBrokerMessageHandler     : Stopping...
2023-04-24 02:03:04.982  INFO [,,,] 13524 --- [SpringContextShutdownHook] o.s.m.s.b.SimpleBrokerMessageHandler     : BrokerAvailabilityEvent[available=false, SimpleBrokerMessageHandler [DefaultSubscriptionRegistry[cache[0 destination(s)], registry[0 sessions]]]]
2023-04-24 02:03:04.983 DEBUG [,,,] 13524 --- [SpringContextShutdownHook] org.springframework.web.SimpLogging      : clientInboundChannel removed SimpleBrokerMessageHandler [DefaultSubscriptionRegistry[cache[0 destination(s)], registry[0 sessions]]]
2023-04-24 02:03:04.983 DEBUG [,,,] 13524 --- [SpringContextShutdownHook] org.springframework.web.SimpLogging      : brokerChannel removed SimpleBrokerMessageHandler [DefaultSubscriptionRegistry[cache[0 destination(s)], registry[0 sessions]]]
2023-04-24 02:03:04.984  INFO [,,,] 13524 --- [SpringContextShutdownHook] o.s.m.s.b.SimpleBrokerMessageHandler     : Stopped.
2023-04-24 02:03:04.984 DEBUG [,,,] 13524 --- [SpringContextShutdownHook] org.springframework.web.SimpLogging      : clientInboundChannel removed UserDestinationMessageHandler[DefaultUserDestinationResolver[prefix=/user/]]
2023-04-24 02:03:04.984 DEBUG [,,,] 13524 --- [SpringContextShutdownHook] org.springframework.web.SimpLogging      : brokerChannel removed UserDestinationMessageHandler[DefaultUserDestinationResolver[prefix=/user/]]
2023-04-24 02:03:04.989  INFO [,,,] 13524 --- [SpringContextShutdownHook] o.a.c.impl.engine.AbstractCamelContext   : Apache Camel 3.5.0 (camel-1) is shutting down
2023-04-24 02:03:05.004  INFO [,,,] 13524 --- [SpringContextShutdownHook] o.a.c.impl.engine.AbstractCamelContext   : Apache Camel 3.5.0 (camel-1) uptime 10 minutes
2023-04-24 02:03:05.005  INFO [,,,] 13524 --- [SpringContextShutdownHook] o.a.c.impl.engine.AbstractCamelContext   : Apache Camel 3.5.0 (camel-1) is shutdown in 0.016 seconds
2023-04-24 02:03:05.008  INFO [,,,] 13524 --- [SpringContextShutdownHook] o.e.jetty.server.AbstractConnector       : Stopped ServerConnector@4e8acb3f{HTTP/1.1, (http/1.1)}{0.0.0.0:8087}
2023-04-24 02:03:05.008  INFO [,,,] 13524 --- [SpringContextShutdownHook] org.eclipse.jetty.server.session         : node0 Stopped scavenging
2023-04-24 02:03:05.011  INFO [,,,] 13524 --- [SpringContextShutdownHook] o.e.j.s.h.ContextHandler.application     : Destroying Spring FrameworkServlet 'dispatcherServlet'
2023-04-24 02:03:05.012  INFO [,,,] 13524 --- [SpringContextShutdownHook] o.e.jetty.server.handler.ContextHandler  : Stopped o.s.b.w.e.j.JettyEmbeddedWebAppContext@15db4010{application,/api/v1,[file:///C:/Users/User/AppData/Local/Temp/jetty-docbase.8087.392541480681538525/, jar:file:/C:/Users/User/.m2/repository/io/springfox/springfox-swagger-ui/2.9.2/springfox-swagger-ui-2.9.2.jar!/META-INF/resources],STOPPED}
2023-04-24 02:03:05.053  INFO [,,,] 13524 --- [SpringContextShutdownHook] o.s.s.concurrent.ThreadPoolTaskExecutor  : Shutting down ExecutorService 'brokerChannelExecutor'
2023-04-24 02:03:05.054  INFO [,,,] 13524 --- [SpringContextShutdownHook] o.s.s.c.ThreadPoolTaskScheduler          : Shutting down ExecutorService 'messageBrokerTaskScheduler'
2023-04-24 02:03:05.057  INFO [,,,] 13524 --- [SpringContextShutdownHook] o.s.a.r.l.SimpleMessageListenerContainer : Shutdown ignored - container is not active already
2023-04-24 02:03:05.059  INFO [,,,] 13524 --- [SpringContextShutdownHook] o.s.a.r.l.SimpleMessageListenerContainer : Shutdown ignored - container is not active already
2023-04-24 02:03:05.076  INFO [,,,] 13524 --- [SpringContextShutdownHook] o.s.s.concurrent.ThreadPoolTaskExecutor  : Shutting down ExecutorService 'clientOutboundChannelExecutor'
2023-04-24 02:03:05.077  INFO [,,,] 13524 --- [SpringContextShutdownHook] o.s.s.concurrent.ThreadPoolTaskExecutor  : Shutting down ExecutorService 'clientInboundChannelExecutor'
2023-04-24 02:03:05.082  INFO [,,,] 13524 --- [SpringContextShutdownHook] j.LocalContainerEntityManagerFactoryBean : Closing JPA EntityManagerFactory for persistence unit 'default'
2023-04-24 02:03:05.107  INFO [,,,] 13524 --- [SpringContextShutdownHook] com.zaxxer.hikari.HikariDataSource       : HikariPool-1 - Shutdown initiated...
2023-04-24 02:03:05.133  INFO [,,,] 13524 --- [SpringContextShutdownHook] com.zaxxer.hikari.HikariDataSource       : HikariPool-1 - Shutdown completed.
2023-04-24 02:03:17.816  INFO [alaje-notification-service,,,] 12064 --- [restartedMain] o.s.b.devtools.restart.ChangeableUrls    : The Class-Path manifest attribute in C:\Users\User\.m2\repository\com\sun\xml\bind\jaxb-core\2.3.0.1\jaxb-core-2.3.0.1.jar referenced one or more files that do not exist: file:/C:/Users/User/.m2/repository/com/sun/xml/bind/jaxb-core/2.3.0.1/jaxb-api.jar
2023-04-24 02:03:17.824  INFO [alaje-notification-service,,,] 12064 --- [restartedMain] o.s.b.devtools.restart.ChangeableUrls    : The Class-Path manifest attribute in C:\Users\User\.m2\repository\com\sun\xml\bind\jaxb-impl\2.3.1\jaxb-impl-2.3.1.jar referenced one or more files that do not exist: file:/C:/Users/User/.m2/repository/com/sun/xml/bind/jaxb-impl/2.3.1/jaxb-runtime-2.3.1.jar,file:/C:/Users/User/.m2/repository/com/sun/xml/bind/jaxb-impl/2.3.1/txw2-2.3.1.jar,file:/C:/Users/User/.m2/repository/com/sun/xml/bind/jaxb-impl/2.3.1/istack-commons-runtime-3.0.7.jar,file:/C:/Users/User/.m2/repository/com/sun/xml/bind/jaxb-impl/2.3.1/stax-ex-1.8.jar,file:/C:/Users/User/.m2/repository/com/sun/xml/bind/jaxb-impl/2.3.1/FastInfoset-1.2.15.jar,file:/C:/Users/User/.m2/repository/com/sun/xml/bind/jaxb-impl/2.3.1/javax.activation-api-1.2.0.jar
2023-04-24 02:03:17.826  INFO [alaje-notification-service,,,] 12064 --- [restartedMain] .e.DevToolsPropertyDefaultsPostProcessor : Devtools property defaults active! Set 'spring.devtools.add-properties' to 'false' to disable
2023-04-24 02:03:19.151  INFO [alaje-notification-service,,,] 12064 --- [restartedMain] ptablePropertiesBeanFactoryPostProcessor : Post-processing PropertySource instances
2023-04-24 02:03:19.373  INFO [alaje-notification-service,,,] 12064 --- [restartedMain] c.u.j.EncryptablePropertySourceConverter : Converting PropertySource configurationProperties [org.springframework.boot.context.properties.source.ConfigurationPropertySourcesPropertySource] to AOP Proxy
2023-04-24 02:03:19.378  INFO [alaje-notification-service,,,] 12064 --- [restartedMain] c.u.j.EncryptablePropertySourceConverter : Converting PropertySource bootstrap [org.springframework.core.env.MapPropertySource] to EncryptableMapPropertySourceWrapper
2023-04-24 02:03:19.379  INFO [alaje-notification-service,,,] 12064 --- [restartedMain] c.u.j.EncryptablePropertySourceConverter : Converting PropertySource systemProperties [org.springframework.core.env.PropertiesPropertySource] to EncryptableMapPropertySourceWrapper
2023-04-24 02:03:19.380  INFO [alaje-notification-service,,,] 12064 --- [restartedMain] c.u.j.EncryptablePropertySourceConverter : Converting PropertySource systemEnvironment [org.springframework.boot.env.SystemEnvironmentPropertySourceEnvironmentPostProcessor$OriginAwareSystemEnvironmentPropertySource] to EncryptableSystemEnvironmentPropertySourceWrapper
2023-04-24 02:03:19.382  INFO [alaje-notification-service,,,] 12064 --- [restartedMain] c.u.j.EncryptablePropertySourceConverter : Converting PropertySource random [org.springframework.boot.env.RandomValuePropertySource] to EncryptablePropertySourceWrapper
2023-04-24 02:03:19.383  INFO [alaje-notification-service,,,] 12064 --- [restartedMain] c.u.j.EncryptablePropertySourceConverter : Converting PropertySource springCloudClientHostInfo [org.springframework.core.env.MapPropertySource] to EncryptableMapPropertySourceWrapper
2023-04-24 02:03:19.384  INFO [alaje-notification-service,,,] 12064 --- [restartedMain] c.u.j.EncryptablePropertySourceConverter : Converting PropertySource applicationConfig: [classpath:/bootstrap-dev.properties] [org.springframework.boot.env.OriginTrackedMapPropertySource] to EncryptableMapPropertySourceWrapper
2023-04-24 02:03:19.385  INFO [alaje-notification-service,,,] 12064 --- [restartedMain] c.u.j.EncryptablePropertySourceConverter : Converting PropertySource applicationConfig: [classpath:/bootstrap.properties] [org.springframework.boot.env.OriginTrackedMapPropertySource] to EncryptableMapPropertySourceWrapper
2023-04-24 02:03:19.387  INFO [alaje-notification-service,,,] 12064 --- [restartedMain] c.u.j.EncryptablePropertySourceConverter : Converting PropertySource devtools [org.springframework.core.env.MapPropertySource] to EncryptableMapPropertySourceWrapper
2023-04-24 02:03:19.387  INFO [alaje-notification-service,,,] 12064 --- [restartedMain] c.u.j.EncryptablePropertySourceConverter : Converting PropertySource defaultProperties [org.springframework.core.env.MapPropertySource] to EncryptableMapPropertySourceWrapper
2023-04-24 02:03:19.543  INFO [alaje-notification-service,,,] 12064 --- [restartedMain] c.u.j.filter.DefaultLazyPropertyFilter   : Property Filter custom Bean not found with name 'encryptablePropertyFilter'. Initializing Default Property Filter
2023-04-24 02:03:19.605  INFO [alaje-notification-service,,,] 12064 --- [restartedMain] c.u.j.r.DefaultLazyPropertyResolver      : Property Resolver custom Bean not found with name 'encryptablePropertyResolver'. Initializing Default Property Resolver
2023-04-24 02:03:19.619  INFO [alaje-notification-service,,,] 12064 --- [restartedMain] c.u.j.d.DefaultLazyPropertyDetector      : Property Detector custom Bean not found with name 'encryptablePropertyDetector'. Initializing Default Property Detector
2023-04-24 02:03:20.630  INFO [,,,] 12064 --- [restartedMain] c.c.c.ConfigServicePropertySourceLocator : Fetching config from server at : http://localhost:8888
2023-04-24 02:03:20.732 DEBUG [,,,] 12064 --- [restartedMain] o.s.web.client.RestTemplate              : HTTP GET http://localhost:8888/alaje-notification-service/dev
2023-04-24 02:03:20.982 DEBUG [,,,] 12064 --- [restartedMain] o.s.web.client.RestTemplate              : Accept=[application/json, application/*+json]
2023-04-24 02:03:21.002  INFO [,,,] 12064 --- [restartedMain] c.c.c.ConfigServicePropertySourceLocator : Connect Timeout Exception on Url - http://localhost:8888. Will be trying the next url if available
2023-04-24 02:03:21.003  WARN [,,,] 12064 --- [restartedMain] c.c.c.ConfigServicePropertySourceLocator : Could not locate PropertySource: I/O error on GET request for "http://localhost:8888/alaje-notification-service/dev": Connection refused: no further information; nested exception is java.net.ConnectException: Connection refused: no further information
2023-04-24 02:03:21.014  INFO [,,,] 12064 --- [restartedMain] c.a.n.NotificationServiceApplication     : The following profiles are active: dev
2023-04-24 02:03:27.718  INFO [,,,] 12064 --- [restartedMain] .s.d.r.c.RepositoryConfigurationDelegate : Bootstrapping Spring Data JPA repositories in DEFAULT mode.
2023-04-24 02:03:28.490  INFO [,,,] 12064 --- [restartedMain] .s.d.r.c.RepositoryConfigurationDelegate : Finished Spring Data repository scanning in 743ms. Found 2 JPA repository interfaces.
2023-04-24 02:03:30.120  INFO [,,,] 12064 --- [restartedMain] o.s.cloud.context.scope.GenericScope     : BeanFactory id=53a67503-8064-3d29-9554-7e586e031e4f
2023-04-24 02:03:30.257  INFO [,,,] 12064 --- [restartedMain] ptablePropertiesBeanFactoryPostProcessor : Post-processing PropertySource instances
2023-04-24 02:03:30.306  INFO [,,,] 12064 --- [restartedMain] c.u.j.EncryptablePropertySourceConverter : Converting PropertySource configurationProperties [org.springframework.boot.context.properties.source.ConfigurationPropertySourcesPropertySource] to AOP Proxy
2023-04-24 02:03:30.310  INFO [,,,] 12064 --- [restartedMain] c.u.j.EncryptablePropertySourceConverter : Converting PropertySource servletConfigInitParams [org.springframework.core.env.PropertySource$StubPropertySource] to EncryptablePropertySourceWrapper
2023-04-24 02:03:30.312  INFO [,,,] 12064 --- [restartedMain] c.u.j.EncryptablePropertySourceConverter : Converting PropertySource servletContextInitParams [org.springframework.core.env.PropertySource$StubPropertySource] to EncryptablePropertySourceWrapper
2023-04-24 02:03:30.312  INFO [,,,] 12064 --- [restartedMain] c.u.j.EncryptablePropertySourceConverter : Converting PropertySource systemProperties [org.springframework.core.env.PropertiesPropertySource] to EncryptableMapPropertySourceWrapper
2023-04-24 02:03:30.313  INFO [,,,] 12064 --- [restartedMain] c.u.j.EncryptablePropertySourceConverter : Converting PropertySource systemEnvironment [org.springframework.boot.env.SystemEnvironmentPropertySourceEnvironmentPostProcessor$OriginAwareSystemEnvironmentPropertySource] to EncryptableSystemEnvironmentPropertySourceWrapper
2023-04-24 02:03:30.313  INFO [,,,] 12064 --- [restartedMain] c.u.j.EncryptablePropertySourceConverter : Converting PropertySource random [org.springframework.boot.env.RandomValuePropertySource] to EncryptablePropertySourceWrapper
2023-04-24 02:03:30.314  INFO [,,,] 12064 --- [restartedMain] c.u.j.EncryptablePropertySourceConverter : Converting PropertySource springCloudClientHostInfo [org.springframework.core.env.MapPropertySource] to EncryptableMapPropertySourceWrapper
2023-04-24 02:03:30.315  INFO [,,,] 12064 --- [restartedMain] c.u.j.EncryptablePropertySourceConverter : Converting PropertySource applicationConfig: [classpath:/application.properties] [org.springframework.boot.env.OriginTrackedMapPropertySource] to EncryptableMapPropertySourceWrapper
2023-04-24 02:03:30.316  INFO [,,,] 12064 --- [restartedMain] c.u.j.EncryptablePropertySourceConverter : Converting PropertySource devtools [org.springframework.core.env.MapPropertySource] to EncryptableMapPropertySourceWrapper
2023-04-24 02:03:30.316  INFO [,,,] 12064 --- [restartedMain] c.u.j.EncryptablePropertySourceConverter : Converting PropertySource springCloudDefaultProperties [org.springframework.core.env.MapPropertySource] to EncryptableMapPropertySourceWrapper
2023-04-24 02:03:30.318  INFO [,,,] 12064 --- [restartedMain] c.u.j.EncryptablePropertySourceConverter : Converting PropertySource cachedrandom [org.springframework.cloud.util.random.CachedRandomPropertySource] to EncryptablePropertySourceWrapper
2023-04-24 02:03:30.319  INFO [,,,] 12064 --- [restartedMain] c.u.j.EncryptablePropertySourceConverter : Converting PropertySource defaultProperties [org.springframework.core.env.MapPropertySource] to EncryptableMapPropertySourceWrapper
2023-04-24 02:03:30.615  INFO [,,,] 12064 --- [restartedMain] c.u.j.filter.DefaultLazyPropertyFilter   : Property Filter custom Bean not found with name 'encryptablePropertyFilter'. Initializing Default Property Filter
2023-04-24 02:03:31.747  INFO [,,,] 12064 --- [restartedMain] trationDelegate$BeanPostProcessorChecker : Bean 'org.springframework.security.access.expression.method.DefaultMethodSecurityExpressionHandler@11bb192f' of type [org.springframework.security.oauth2.provider.expression.OAuth2MethodSecurityExpressionHandler] is not eligible for getting processed by all BeanPostProcessors (for example: not eligible for auto-proxying)
2023-04-24 02:03:31.828  INFO [,,,] 12064 --- [restartedMain] trationDelegate$BeanPostProcessorChecker : Bean 'methodSecurityMetadataSource' of type [org.springframework.security.access.method.DelegatingMethodSecurityMetadataSource] is not eligible for getting processed by all BeanPostProcessors (for example: not eligible for auto-proxying)
2023-04-24 02:03:32.627  INFO [,,,] 12064 --- [restartedMain] c.u.j.r.DefaultLazyPropertyResolver      : Property Resolver custom Bean not found with name 'encryptablePropertyResolver'. Initializing Default Property Resolver
2023-04-24 02:03:32.629  INFO [,,,] 12064 --- [restartedMain] c.u.j.d.DefaultLazyPropertyDetector      : Property Detector custom Bean not found with name 'encryptablePropertyDetector'. Initializing Default Property Detector
2023-04-24 02:03:33.256  INFO [,,,] 12064 --- [restartedMain] org.eclipse.jetty.util.log               : Logging initialized @21551ms to org.eclipse.jetty.util.log.Slf4jLog
2023-04-24 02:03:35.323  INFO [,,,] 12064 --- [restartedMain] o.s.b.w.e.j.JettyServletWebServerFactory : Server initialized with port: 8087
2023-04-24 02:03:35.334  INFO [,,,] 12064 --- [restartedMain] org.eclipse.jetty.server.Server          : jetty-9.4.36.v20210114; built: 2021-01-14T16:44:28.689Z; git: 238ec6997c7806b055319a6d11f8ae7564adc0de; jvm 16.0.1+9-24
2023-04-24 02:03:35.431  INFO [,,,] 12064 --- [restartedMain] o.e.j.s.h.ContextHandler.application     : Initializing Spring embedded WebApplicationContext
2023-04-24 02:03:35.432  INFO [,,,] 12064 --- [restartedMain] w.s.c.ServletWebServerApplicationContext : Root WebApplicationContext: initialization completed in 14355 ms
2023-04-24 02:03:37.511  INFO [,,,] 12064 --- [restartedMain] com.zaxxer.hikari.HikariDataSource       : HikariPool-1 - Starting...
2023-04-24 02:03:40.981  INFO [,,,] 12064 --- [restartedMain] com.zaxxer.hikari.HikariDataSource       : HikariPool-1 - Start completed.
2023-04-24 02:03:41.029  INFO [,,,] 12064 --- [restartedMain] o.s.b.a.h2.H2ConsoleAutoConfiguration    : H2 console available at '/h2-console'. Database available at 'jdbc:mysql://localhost:3306/alaje_notification?createDatabaseIfNotExist=true&useUnicode=true&useJDBCCompliantTimezoneShift=true&useLegacyDatetimeCode=false&serverTimezone=Africa/Lagos'
2023-04-24 02:03:46.028  INFO [,,,] 12064 --- [restartedMain] o.apache.camel.support.LRUCacheFactory   : Detected and using LRUCacheFactory: camel-caffeine-lrucache
2023-04-24 02:03:50.871  INFO [,,,] 12064 --- [restartedMain] org.eclipse.jetty.server.session         : DefaultSessionIdManager workerName=node0
2023-04-24 02:03:50.872  INFO [,,,] 12064 --- [restartedMain] org.eclipse.jetty.server.session         : No SessionScavenger set, using defaults
2023-04-24 02:03:50.877  INFO [,,,] 12064 --- [restartedMain] org.eclipse.jetty.server.session         : node0 Scavenging every 600000ms
2023-04-24 02:03:50.913  INFO [,,,] 12064 --- [restartedMain] o.e.jetty.server.handler.ContextHandler  : Started o.s.b.w.e.j.JettyEmbeddedWebAppContext@8001225{application,/api/v1,[file:///C:/Users/User/AppData/Local/Temp/jetty-docbase.8087.573997772089413837/, jar:file:/C:/Users/User/.m2/repository/io/springfox/springfox-swagger-ui/2.9.2/springfox-swagger-ui-2.9.2.jar!/META-INF/resources],AVAILABLE}
2023-04-24 02:03:50.917  INFO [,,,] 12064 --- [restartedMain] org.eclipse.jetty.server.Server          : Started @39213ms
2023-04-24 02:03:51.414  INFO [,,,] 12064 --- [restartedMain] o.f.c.internal.license.VersionPrinter    : Flyway Community Edition 6.5.7 by Redgate
2023-04-24 02:03:51.585  INFO [,,,] 12064 --- [restartedMain] o.f.c.internal.database.DatabaseFactory  : Database: jdbc:mysql://localhost:3306/alaje_notification (MySQL 8.0)
2023-04-24 02:03:51.751  INFO [,,,] 12064 --- [restartedMain] o.f.core.internal.command.DbValidate     : Successfully validated 1 migration (execution time 00:00.072s)
2023-04-24 02:03:51.784  INFO [,,,] 12064 --- [restartedMain] o.f.core.internal.command.DbMigrate      : Current version of schema `alaje_notification`: 1.1.0
2023-04-24 02:03:51.787  INFO [,,,] 12064 --- [restartedMain] o.f.core.internal.command.DbMigrate      : Schema `alaje_notification` is up to date. No migration necessary.
2023-04-24 02:03:56.045  INFO [,,,] 12064 --- [restartedMain] j.LocalContainerEntityManagerFactoryBean : Initialized JPA EntityManagerFactory for persistence unit 'default'
2023-04-24 02:03:56.240  INFO [,,,] 12064 --- [restartedMain] o.s.b.d.a.OptionalLiveReloadServer       : LiveReload server is running on port 35729
2023-04-24 02:04:00.298  INFO [,,,] 12064 --- [restartedMain] o.s.s.concurrent.ThreadPoolTaskExecutor  : Initializing ExecutorService 'clientInboundChannelExecutor'
2023-04-24 02:04:00.430  INFO [,,,] 12064 --- [restartedMain] o.s.s.concurrent.ThreadPoolTaskExecutor  : Initializing ExecutorService 'clientOutboundChannelExecutor'
2023-04-24 02:04:02.197 DEBUG [,,,] 12064 --- [restartedMain] s.w.s.m.m.a.RequestMappingHandlerMapping : 21 mappings in 'requestMappingHandlerMapping'
2023-04-24 02:04:03.761  INFO [,,,] 12064 --- [restartedMain] o.s.s.web.DefaultSecurityFilterChain     : Creating filter chain: Ant [pattern='/auth-server/**', POST], []
2023-04-24 02:04:03.762  INFO [,,,] 12064 --- [restartedMain] o.s.s.web.DefaultSecurityFilterChain     : Creating filter chain: Ant [pattern='/**', PUT], []
2023-04-24 02:04:03.763  INFO [,,,] 12064 --- [restartedMain] o.s.s.web.DefaultSecurityFilterChain     : Creating filter chain: Ant [pattern='/', GET], []
2023-04-24 02:04:03.763  INFO [,,,] 12064 --- [restartedMain] o.s.s.web.DefaultSecurityFilterChain     : Creating filter chain: Ant [pattern='/webjars/**', GET], []
2023-04-24 02:04:03.764  INFO [,,,] 12064 --- [restartedMain] o.s.s.web.DefaultSecurityFilterChain     : Creating filter chain: Ant [pattern='/*.html', GET], []
2023-04-24 02:04:03.764  INFO [,,,] 12064 --- [restartedMain] o.s.s.web.DefaultSecurityFilterChain     : Creating filter chain: Ant [pattern='/favicon.ico', GET], []
2023-04-24 02:04:03.765  INFO [,,,] 12064 --- [restartedMain] o.s.s.web.DefaultSecurityFilterChain     : Creating filter chain: Ant [pattern='/**/*.html', GET], []
2023-04-24 02:04:03.765  INFO [,,,] 12064 --- [restartedMain] o.s.s.web.DefaultSecurityFilterChain     : Creating filter chain: Ant [pattern='/**/*.css', GET], []
2023-04-24 02:04:03.765  INFO [,,,] 12064 --- [restartedMain] o.s.s.web.DefaultSecurityFilterChain     : Creating filter chain: Ant [pattern='/**/*.js', GET], []
2023-04-24 02:04:03.765  INFO [,,,] 12064 --- [restartedMain] o.s.s.web.DefaultSecurityFilterChain     : Creating filter chain: Ant [pattern='/api/user/registration-confirm', GET], []
2023-04-24 02:04:03.766  INFO [,,,] 12064 --- [restartedMain] o.s.s.web.DefaultSecurityFilterChain     : Creating filter chain: Ant [pattern='/v1/api-docs'], []
2023-04-24 02:04:03.766  INFO [,,,] 12064 --- [restartedMain] o.s.s.web.DefaultSecurityFilterChain     : Creating filter chain: Ant [pattern='/v2/api-docs'], []
2023-04-24 02:04:03.767  INFO [,,,] 12064 --- [restartedMain] o.s.s.web.DefaultSecurityFilterChain     : Creating filter chain: Ant [pattern='/swagger-resources/**'], []
2023-04-24 02:04:03.768  INFO [,,,] 12064 --- [restartedMain] o.s.s.web.DefaultSecurityFilterChain     : Creating filter chain: Ant [pattern='swagger-ui.html'], []
2023-04-24 02:04:03.769  INFO [,,,] 12064 --- [restartedMain] o.s.s.web.DefaultSecurityFilterChain     : Creating filter chain: Ant [pattern='/configuration/**'], []
2023-04-24 02:04:03.769  INFO [,,,] 12064 --- [restartedMain] o.s.s.web.DefaultSecurityFilterChain     : Creating filter chain: Ant [pattern='/webjars/**'], []
2023-04-24 02:04:03.770  INFO [,,,] 12064 --- [restartedMain] o.s.s.web.DefaultSecurityFilterChain     : Creating filter chain: Ant [pattern='/actuator/**'], []
2023-04-24 02:04:03.770  INFO [,,,] 12064 --- [restartedMain] o.s.s.web.DefaultSecurityFilterChain     : Creating filter chain: Ant [pattern='/public/**'], []
2023-04-24 02:04:04.105  INFO [,,,] 12064 --- [restartedMain] o.s.s.web.DefaultSecurityFilterChain     : Creating filter chain: RequestHeaderRequestMatcher [expectedHeaderName=Authorization, expectedHeaderValue=null], [org.springframework.security.web.context.request.async.WebAsyncManagerIntegrationFilter@5f3d25fa, org.springframework.security.web.context.SecurityContextPersistenceFilter@dc0a76e, org.springframework.security.web.header.HeaderWriterFilter@1b367ca3, org.springframework.security.web.authentication.logout.LogoutFilter@58e42106, org.springframework.security.oauth2.provider.authentication.OAuth2AuthenticationProcessingFilter@41fd9624, org.springframework.security.web.savedrequest.RequestCacheAwareFilter@685c9314, org.springframework.security.web.servletapi.SecurityContextHolderAwareRequestFilter@1134cde8, org.springframework.security.web.authentication.AnonymousAuthenticationFilter@44e8fa8e, org.springframework.security.web.session.SessionManagementFilter@7e006181, org.springframework.security.web.access.ExceptionTranslationFilter@7f96d61c, org.springframework.security.web.access.intercept.FilterSecurityInterceptor@2621c2ff]
2023-04-24 02:04:04.145  INFO [,,,] 12064 --- [restartedMain] o.s.s.web.DefaultSecurityFilterChain     : Creating filter chain: any request, [org.springframework.security.web.context.request.async.WebAsyncManagerIntegrationFilter@655c3189, org.springframework.security.web.context.SecurityContextPersistenceFilter@29cc1ba6, org.springframework.security.web.header.HeaderWriterFilter@408e8b85, org.springframework.security.web.authentication.logout.LogoutFilter@3afc393a, org.springframework.security.web.savedrequest.RequestCacheAwareFilter@74fe1b7b, org.springframework.security.web.servletapi.SecurityContextHolderAwareRequestFilter@401874c2, org.springframework.security.web.authentication.AnonymousAuthenticationFilter@58ac7587, org.springframework.security.web.session.SessionManagementFilter@73781efc, org.springframework.security.web.access.ExceptionTranslationFilter@213f9a0e, org.springframework.security.web.access.intercept.FilterSecurityInterceptor@35978cc6]
2023-04-24 02:04:04.522  INFO [,,,] 12064 --- [restartedMain] pertySourcedRequestMappingHandlerMapping : Mapped URL path [/v2/api-docs] onto method [springfox.documentation.swagger2.web.Swagger2Controller#getDocumentation(String, HttpServletRequest)]
2023-04-24 02:04:04.719  INFO [,,,] 12064 --- [restartedMain] o.s.s.c.ThreadPoolTaskScheduler          : Initializing ExecutorService 'messageBrokerTaskScheduler'
2023-04-24 02:04:04.877 DEBUG [,,,] 12064 --- [restartedMain] o.s.w.s.s.s.WebSocketHandlerMapping      : Patterns [/live/**] in 'stompWebSocketHandlerMapping'
2023-04-24 02:04:04.937  INFO [,,,] 12064 --- [restartedMain] o.s.s.concurrent.ThreadPoolTaskExecutor  : Initializing ExecutorService 'brokerChannelExecutor'
2023-04-24 02:04:05.139 DEBUG [,,,] 12064 --- [restartedMain] .WebSocketAnnotationMethodMessageHandler : 
	c.a.n.r.CssResource:
	
2023-04-24 02:04:05.141 DEBUG [,,,] 12064 --- [restartedMain] .WebSocketAnnotationMethodMessageHandler : 
	c.a.n.r.EmailSetUpResource:
	
2023-04-24 02:04:05.142 DEBUG [,,,] 12064 --- [restartedMain] .WebSocketAnnotationMethodMessageHandler : 
	c.a.n.r.FragmentResource:
	
2023-04-24 02:04:05.143 DEBUG [,,,] 12064 --- [restartedMain] .WebSocketAnnotationMethodMessageHandler : 
	c.a.n.r.NotifyResource:
	
2023-04-24 02:04:05.143 DEBUG [,,,] 12064 --- [restartedMain] .WebSocketAnnotationMethodMessageHandler : 
	c.a.n.r.TestResource:
	
2023-04-24 02:04:05.145 DEBUG [,,,] 12064 --- [restartedMain] .WebSocketAnnotationMethodMessageHandler : 
	s.d.s.w.ApiResourceController:
	
2023-04-24 02:04:05.149 DEBUG [,,,] 12064 --- [restartedMain] .WebSocketAnnotationMethodMessageHandler : 
	o.s.b.a.w.s.e.BasicErrorController:
	
2023-04-24 02:04:05.435  WARN [,,,] 12064 --- [restartedMain] c.n.c.sources.URLConfigurationSource     : No URLs will be polled as dynamic configuration sources.
2023-04-24 02:04:05.439  INFO [,,,] 12064 --- [restartedMain] c.n.c.sources.URLConfigurationSource     : To enable URLs as dynamic configuration sources, define System property archaius.configurationSource.additionalUrls or make config.properties available on classpath.
2023-04-24 02:04:05.467  WARN [,,,] 12064 --- [restartedMain] c.n.c.sources.URLConfigurationSource     : No URLs will be polled as dynamic configuration sources.
2023-04-24 02:04:05.467  INFO [,,,] 12064 --- [restartedMain] c.n.c.sources.URLConfigurationSource     : To enable URLs as dynamic configuration sources, define System property archaius.configurationSource.additionalUrls or make config.properties available on classpath.
2023-04-24 02:04:06.235 DEBUG [,,,] 12064 --- [restartedMain] s.w.s.m.m.a.RequestMappingHandlerAdapter : ControllerAdvice beans: 0 @ModelAttribute, 0 @InitBinder, 1 RequestBodyAdvice, 1 ResponseBodyAdvice
2023-04-24 02:04:06.514 DEBUG [,,,] 12064 --- [restartedMain] o.s.w.s.handler.SimpleUrlHandlerMapping  : Patterns [/css/**, /webjars/**, /**] in 'resourceHandlerMapping'
2023-04-24 02:04:06.768 DEBUG [,,,] 12064 --- [restartedMain] .m.m.a.ExceptionHandlerExceptionResolver : ControllerAdvice beans: 0 @ExceptionHandler, 1 ResponseBodyAdvice
2023-04-24 02:04:10.963  WARN [,,,] 12064 --- [restartedMain] s.o.SpringCloudSecurityAutoConfiguration : All Spring Cloud Security modules and starters are deprecated. They will be moved to individual projects in the next major release.
2023-04-24 02:04:11.603  INFO [,,,] 12064 --- [restartedMain] o.e.j.s.h.ContextHandler.application     : Initializing Spring DispatcherServlet 'dispatcherServlet'
2023-04-24 02:04:11.604  INFO [,,,] 12064 --- [restartedMain] o.s.web.servlet.DispatcherServlet        : Initializing Servlet 'dispatcherServlet'
2023-04-24 02:04:11.606 DEBUG [,,,] 12064 --- [restartedMain] o.s.web.servlet.DispatcherServlet        : Detected StandardServletMultipartResolver
2023-04-24 02:04:11.655 DEBUG [,,,] 12064 --- [restartedMain] o.s.web.servlet.DispatcherServlet        : enableLoggingRequestDetails='false': request parameters and headers will be masked to prevent unsafe logging of potentially sensitive data
2023-04-24 02:04:11.656  INFO [,,,] 12064 --- [restartedMain] o.s.web.servlet.DispatcherServlet        : Completed initialization in 50 ms
2023-04-24 02:04:11.786  INFO [,,,] 12064 --- [restartedMain] o.e.jetty.server.AbstractConnector       : Started ServerConnector@32e768b{HTTP/1.1, (http/1.1)}{0.0.0.0:8087}
2023-04-24 02:04:11.811  INFO [,,,] 12064 --- [restartedMain] o.s.b.web.embedded.jetty.JettyWebServer  : Jetty started on port(s) 8087 (http/1.1) with context path '/api/v1'
2023-04-24 02:04:13.186  INFO [,,,] 12064 --- [restartedMain] o.s.b.w.e.j.JettyServletWebServerFactory : Server initialized with port: 18087
2023-04-24 02:04:13.187  INFO [,,,] 12064 --- [restartedMain] org.eclipse.jetty.server.Server          : jetty-9.4.36.v20210114; built: 2021-01-14T16:44:28.689Z; git: 238ec6997c7806b055319a6d11f8ae7564adc0de; jvm 16.0.1+9-24
2023-04-24 02:04:13.193  INFO [,,,] 12064 --- [restartedMain] o.e.j.s.h.ContextHandler.application     : Initializing Spring embedded WebApplicationContext
2023-04-24 02:04:13.194  INFO [,,,] 12064 --- [restartedMain] w.s.c.ServletWebServerApplicationContext : Root WebApplicationContext: initialization completed in 669 ms
2023-04-24 02:04:13.210  INFO [,,,] 12064 --- [restartedMain] org.eclipse.jetty.server.session         : DefaultSessionIdManager workerName=node0
2023-04-24 02:04:13.211  INFO [,,,] 12064 --- [restartedMain] org.eclipse.jetty.server.session         : No SessionScavenger set, using defaults
2023-04-24 02:04:13.212  INFO [,,,] 12064 --- [restartedMain] org.eclipse.jetty.server.session         : node0 Scavenging every 600000ms
2023-04-24 02:04:13.216  INFO [,,,] 12064 --- [restartedMain] o.e.jetty.server.handler.ContextHandler  : Started o.s.b.w.e.j.JettyEmbeddedWebAppContext@6dd48c39{application,/,[file:///C:/Users/User/AppData/Local/Temp/jetty-docbase.18087.5798094864370568465/, jar:file:/C:/Users/User/.m2/repository/io/springfox/springfox-swagger-ui/2.9.2/springfox-swagger-ui-2.9.2.jar!/META-INF/resources],AVAILABLE}
2023-04-24 02:04:13.217  INFO [,,,] 12064 --- [restartedMain] org.eclipse.jetty.server.Server          : Started @61513ms
2023-04-24 02:04:13.248  INFO [,,,] 12064 --- [restartedMain] o.s.b.a.e.web.EndpointLinksResolver      : Exposing 19 endpoint(s) beneath base path '/actuator'
2023-04-24 02:04:13.320 DEBUG [,,,] 12064 --- [restartedMain] s.w.s.m.m.a.RequestMappingHandlerMapping : 1 mappings in 'requestMappingHandlerMapping'
2023-04-24 02:04:13.347 DEBUG [,,,] 12064 --- [restartedMain] o.s.w.s.handler.SimpleUrlHandlerMapping  : Patterns [/css/**] in 'resourceHandlerMapping'
2023-04-24 02:04:13.409 DEBUG [,,,] 12064 --- [restartedMain] s.w.s.m.m.a.RequestMappingHandlerAdapter : ControllerAdvice beans: 0 @ModelAttribute, 0 @InitBinder, 1 RequestBodyAdvice, 1 ResponseBodyAdvice
2023-04-24 02:04:13.436  INFO [,,,] 12064 --- [restartedMain] o.e.j.s.h.ContextHandler.application     : Initializing Spring DispatcherServlet 'dispatcherServlet'
2023-04-24 02:04:13.453  INFO [,,,] 12064 --- [restartedMain] o.s.web.servlet.DispatcherServlet        : Initializing Servlet 'dispatcherServlet'
2023-04-24 02:04:13.455 DEBUG [,,,] 12064 --- [restartedMain] o.s.web.servlet.DispatcherServlet        : Detected StandardServletMultipartResolver
2023-04-24 02:04:13.458 DEBUG [,,,] 12064 --- [restartedMain] o.s.web.servlet.DispatcherServlet        : enableLoggingRequestDetails='false': request parameters and headers will be masked to prevent unsafe logging of potentially sensitive data
2023-04-24 02:04:13.460  INFO [,,,] 12064 --- [restartedMain] o.s.web.servlet.DispatcherServlet        : Completed initialization in 5 ms
2023-04-24 02:04:13.494  INFO [,,,] 12064 --- [restartedMain] o.e.jetty.server.AbstractConnector       : Started ServerConnector@70804e03{HTTP/1.1, (http/1.1)}{0.0.0.0:18087}
2023-04-24 02:04:13.497  INFO [,,,] 12064 --- [restartedMain] o.s.b.web.embedded.jetty.JettyWebServer  : Jetty started on port(s) 18087 (http/1.1) with context path '/'
2023-04-24 02:04:14.040  INFO [,,,] 12064 --- [restartedMain] d.s.w.p.DocumentationPluginsBootstrapper : Context refreshed
2023-04-24 02:04:14.092  INFO [,,,] 12064 --- [restartedMain] d.s.w.p.DocumentationPluginsBootstrapper : Found 1 custom documentation plugin(s)
2023-04-24 02:04:14.206  INFO [,,,] 12064 --- [restartedMain] s.d.s.w.s.ApiListingReferenceScanner     : Scanning for api listing references
2023-04-24 02:04:14.913  INFO [,,,] 12064 --- [restartedMain] .d.s.w.r.o.CachingOperationNameGenerator : Generating unique operation named: fetchEmailSetupUsingGET_1
2023-04-24 02:04:15.248  INFO [,,,] 12064 --- [restartedMain] .d.s.w.r.o.CachingOperationNameGenerator : Generating unique operation named: fetchNotifyModelUsingGET_1
2023-04-24 02:04:15.260  INFO [,,,] 12064 --- [restartedMain] .d.s.w.r.o.CachingOperationNameGenerator : Generating unique operation named: fetchNotifyModelUsingGET_2
2023-04-24 02:04:15.311  INFO [,,,] 12064 --- [restartedMain] o.s.a.r.c.CachingConnectionFactory       : Attempting to connect to: [localhost:5672]
2023-04-24 02:04:15.479  INFO [,,,] 12064 --- [restartedMain] o.s.a.r.c.CachingConnectionFactory       : Created new connection: rabbitConnectionFactory#39bf382a:0/SimpleConnection@6875df4 [delegate=amqp://guest@127.0.0.1:5672/, localPort= 53419]
2023-04-24 02:04:15.691 DEBUG [,,,] 12064 --- [restartedMain] org.springframework.web.SimpLogging      : clientOutboundChannel added SubProtocolWebSocketHandler[StompSubProtocolHandler[v10.stomp, v11.stomp, v12.stomp]]
2023-04-24 02:04:15.701 DEBUG [,,,] 12064 --- [restartedMain] org.springframework.web.SimpLogging      : clientInboundChannel added WebSocketAnnotationMethodMessageHandler[prefixes=[/topic/]]
2023-04-24 02:04:15.702  INFO [,,,] 12064 --- [restartedMain] o.s.m.s.b.SimpleBrokerMessageHandler     : Starting...
2023-04-24 02:04:15.703 DEBUG [,,,] 12064 --- [restartedMain] org.springframework.web.SimpLogging      : clientInboundChannel added SimpleBrokerMessageHandler [DefaultSubscriptionRegistry[cache[0 destination(s)], registry[0 sessions]]]
2023-04-24 02:04:15.704 DEBUG [,,,] 12064 --- [restartedMain] org.springframework.web.SimpLogging      : brokerChannel added SimpleBrokerMessageHandler [DefaultSubscriptionRegistry[cache[0 destination(s)], registry[0 sessions]]]
2023-04-24 02:04:15.704  INFO [,,,] 12064 --- [restartedMain] o.s.m.s.b.SimpleBrokerMessageHandler     : BrokerAvailabilityEvent[available=true, SimpleBrokerMessageHandler [DefaultSubscriptionRegistry[cache[0 destination(s)], registry[0 sessions]]]]
2023-04-24 02:04:15.706  INFO [,,,] 12064 --- [restartedMain] o.s.m.s.b.SimpleBrokerMessageHandler     : Started.
2023-04-24 02:04:15.708 DEBUG [,,,] 12064 --- [restartedMain] org.springframework.web.SimpLogging      : clientInboundChannel added UserDestinationMessageHandler[DefaultUserDestinationResolver[prefix=/user/]]
2023-04-24 02:04:15.708 DEBUG [,,,] 12064 --- [restartedMain] org.springframework.web.SimpLogging      : brokerChannel added UserDestinationMessageHandler[DefaultUserDestinationResolver[prefix=/user/]]
2023-04-24 02:04:15.727  INFO [,,,] 12064 --- [restartedMain] o.a.c.s.boot.SpringBootRoutesCollector   : Loading additional Camel XML routes from: classpath:camel/*.xml
2023-04-24 02:04:15.730  INFO [,,,] 12064 --- [restartedMain] o.a.c.s.boot.SpringBootRoutesCollector   : Loading additional Camel XML route templates from: classpath:camel-template/*.xml
2023-04-24 02:04:15.732  INFO [,,,] 12064 --- [restartedMain] o.a.c.s.boot.SpringBootRoutesCollector   : Loading additional Camel XML rests from: classpath:camel-rest/*.xml
2023-04-24 02:04:15.850  INFO [,,,] 12064 --- [restartedMain] o.a.c.impl.engine.AbstractCamelContext   : Apache Camel 3.5.0 (camel-1) is starting
2023-04-24 02:04:15.870  INFO [,,,] 12064 --- [restartedMain] o.a.c.impl.engine.AbstractCamelContext   : StreamCaching is not in use. If using streams then its recommended to enable stream caching. See more details at http://camel.apache.org/stream-caching.html
2023-04-24 02:04:15.870  INFO [,,,] 12064 --- [restartedMain] o.a.c.impl.engine.AbstractCamelContext   : Using HealthCheck: camel-spring-boot
2023-04-24 02:04:15.871  INFO [,,,] 12064 --- [restartedMain] o.a.c.impl.engine.AbstractCamelContext   : Total 0 routes, of which 0 are started
2023-04-24 02:04:15.872  INFO [,,,] 12064 --- [restartedMain] o.a.c.impl.engine.AbstractCamelContext   : Apache Camel 3.5.0 (camel-1) started in 0.021 seconds
2023-04-24 02:04:16.019  INFO [,,,] 12064 --- [restartedMain] c.a.n.NotificationServiceApplication     : Started NotificationServiceApplication in 61.283 seconds (JVM running for 64.315)
2023-04-24 02:04:21.677  INFO [,fd198f47633d0efe,8d343149f79942c7,true] 12064 --- [org.springframework.amqp.rabbit.RabbitListenerEndpointContainer#0-1] c.a.n.c.m.r.RabbitmqConsumerService      : Received message as generic: {"subject":"Verification Mail","from":"AlajeTech NoReply <info@alajetech.com>","to":["zraelwalker@gmail.com"],"bcc":[],"cc":[],"type":"html","locale":"en","templateName":"resend_verification","hasAttachment":false,"useTemplate":true,"hasUrlLocation":false,"messageMap":{"url":"http://localhost:8081/api/v1/user/verify-email?token=MTY4MjI5ODI2MTM0NgTRE-URE4ddca462-78d1-49b1-9485-835b831e2a98URE-SREMDAyOTk3ODExMjgx","platform":"Alaje Citizen"}}
2023-04-24 02:04:37.094  INFO [,fd198f47633d0efe,8d343149f79942c7,true] 12064 --- [org.springframework.amqp.rabbit.RabbitListenerEndpointContainer#0-1] c.a.n.service.impl.EmailServiceImpl      : Html Email Sent !
2023-04-24 02:04:37.095  INFO [,fd198f47633d0efe,8d343149f79942c7,true] 12064 --- [org.springframework.amqp.rabbit.RabbitListenerEndpointContainer#0-1] c.a.n.c.m.r.RabbitmqConsumerService      : received email notification
2023-04-24 02:05:04.943 ERROR [,,,] 12064 --- [MessageBroker-1] o.s.s.s.TaskUtils$LoggingErrorHandler    : Unexpected error occurred in scheduled task

java.lang.reflect.InaccessibleObjectException: Unable to make protected java.util.concurrent.RunnableScheduledFuture java.util.concurrent.ScheduledThreadPoolExecutor.decorateTask(java.lang.Runnable,java.util.concurrent.RunnableScheduledFuture) accessible: module java.base does not "opens java.util.concurrent" to unnamed module @3bbc39f8
	at java.base/java.lang.reflect.AccessibleObject.checkCanSetAccessible(AccessibleObject.java:357) ~[na:na]
	at java.base/java.lang.reflect.AccessibleObject.checkCanSetAccessible(AccessibleObject.java:297) ~[na:na]
	at java.base/java.lang.reflect.Method.checkCanSetAccessible(Method.java:199) ~[na:na]
	at java.base/java.lang.reflect.Method.setAccessible(Method.java:193) ~[na:na]
	at org.springframework.util.ReflectionUtils.makeAccessible(ReflectionUtils.java:570) ~[spring-core-5.2.13.RELEASE.jar:5.2.13.RELEASE]
	at org.springframework.cloud.sleuth.instrument.async.LazyTraceScheduledThreadPoolExecutor.makeAccessibleIfNotNull(LazyTraceScheduledThreadPoolExecutor.java:121) ~[spring-cloud-sleuth-core-2.2.8.RELEASE.jar:2.2.8.RELEASE]
	at org.springframework.cloud.sleuth.instrument.async.LazyTraceScheduledThreadPoolExecutor.<init>(LazyTraceScheduledThreadPoolExecutor.java:205) ~[spring-cloud-sleuth-core-2.2.8.RELEASE.jar:2.2.8.RELEASE]
	at org.springframework.cloud.sleuth.instrument.async.LazyTraceThreadPoolTaskScheduler.getScheduledThreadPoolExecutor(LazyTraceThreadPoolTaskScheduler.java:181) ~[spring-cloud-sleuth-core-2.2.8.RELEASE.jar:2.2.8.RELEASE]
	at java.base/jdk.internal.reflect.NativeMethodAccessorImpl.invoke0(Native Method) ~[na:na]
	at java.base/jdk.internal.reflect.NativeMethodAccessorImpl.invoke(NativeMethodAccessorImpl.java:78) ~[na:na]
	at java.base/jdk.internal.reflect.DelegatingMethodAccessorImpl.invoke(DelegatingMethodAccessorImpl.java:43) ~[na:na]
	at java.base/java.lang.reflect.Method.invoke(Method.java:567) ~[na:na]
	at org.springframework.cloud.sleuth.instrument.async.ExecutorMethodInterceptor.invoke(ExecutorBeanPostProcessor.java:356) ~[spring-cloud-sleuth-core-2.2.8.RELEASE.jar:2.2.8.RELEASE]
	at org.springframework.aop.framework.ReflectiveMethodInvocation.proceed(ReflectiveMethodInvocation.java:186) ~[spring-aop-5.2.13.RELEASE.jar:5.2.13.RELEASE]
	at org.springframework.aop.framework.CglibAopProxy$CglibMethodInvocation.proceed(CglibAopProxy.java:749) ~[spring-aop-5.2.13.RELEASE.jar:5.2.13.RELEASE]
	at org.springframework.aop.framework.CglibAopProxy$DynamicAdvisedInterceptor.intercept(CglibAopProxy.java:691) ~[spring-aop-5.2.13.RELEASE.jar:5.2.13.RELEASE]
	at org.springframework.scheduling.concurrent.ThreadPoolTaskScheduler$$EnhancerBySpringCGLIB$$7a9524f4.getScheduledThreadPoolExecutor(<generated>) ~[spring-context-5.2.13.RELEASE.jar:5.2.13.RELEASE]
	at org.springframework.web.socket.config.WebSocketMessageBrokerStats.getSockJsTaskSchedulerStatsInfo(WebSocketMessageBrokerStats.java:198) ~[spring-websocket-5.2.13.RELEASE.jar:5.2.13.RELEASE]
	at org.springframework.web.socket.config.WebSocketMessageBrokerStats.toString(WebSocketMessageBrokerStats.java:219) ~[spring-websocket-5.2.13.RELEASE.jar:5.2.13.RELEASE]
	at org.springframework.web.socket.config.WebSocketMessageBrokerStats.lambda$initLoggingTask$0(WebSocketMessageBrokerStats.java:126) ~[spring-websocket-5.2.13.RELEASE.jar:5.2.13.RELEASE]
	at org.springframework.scheduling.support.DelegatingErrorHandlingRunnable.run(DelegatingErrorHandlingRunnable.java:54) ~[spring-context-5.2.13.RELEASE.jar:5.2.13.RELEASE]
	at java.base/java.util.concurrent.Executors$RunnableAdapter.call(Executors.java:515) ~[na:na]
	at java.base/java.util.concurrent.FutureTask.runAndReset(FutureTask.java:305) ~[na:na]
	at java.base/java.util.concurrent.ScheduledThreadPoolExecutor$ScheduledFutureTask.run(ScheduledThreadPoolExecutor.java:305) ~[na:na]
	at java.base/java.util.concurrent.ThreadPoolExecutor.runWorker(ThreadPoolExecutor.java:1130) ~[na:na]
	at java.base/java.util.concurrent.ThreadPoolExecutor$Worker.run(ThreadPoolExecutor.java:630) ~[na:na]
	at java.base/java.lang.Thread.run(Thread.java:831) ~[na:na]

2023-04-24 02:11:05.773  INFO [,,,] 12064 --- [SpringContextShutdownHook] o.e.jetty.server.AbstractConnector       : Stopped ServerConnector@70804e03{HTTP/1.1, (http/1.1)}{0.0.0.0:18087}
2023-04-24 02:11:05.774  INFO [,,,] 12064 --- [SpringContextShutdownHook] org.eclipse.jetty.server.session         : node0 Stopped scavenging
2023-04-24 02:11:05.777  INFO [,,,] 12064 --- [SpringContextShutdownHook] o.e.j.s.h.ContextHandler.application     : Destroying Spring FrameworkServlet 'dispatcherServlet'
2023-04-24 02:11:05.780  INFO [,,,] 12064 --- [SpringContextShutdownHook] o.e.jetty.server.handler.ContextHandler  : Stopped o.s.b.w.e.j.JettyEmbeddedWebAppContext@6dd48c39{application,/,[file:///C:/Users/User/AppData/Local/Temp/jetty-docbase.18087.5798094864370568465/, jar:file:/C:/Users/User/.m2/repository/io/springfox/springfox-swagger-ui/2.9.2/springfox-swagger-ui-2.9.2.jar!/META-INF/resources],STOPPED}
2023-04-24 02:11:05.800  INFO [,,,] 12064 --- [SpringContextShutdownHook] o.s.a.r.l.SimpleMessageListenerContainer : Waiting for workers to finish.
2023-04-24 02:11:06.342  INFO [,,,] 12064 --- [SpringContextShutdownHook] o.s.a.r.l.SimpleMessageListenerContainer : Successfully waited for workers to finish.
2023-04-24 02:11:06.347  INFO [,,,] 12064 --- [SpringContextShutdownHook] o.s.a.r.l.SimpleMessageListenerContainer : Waiting for workers to finish.
2023-04-24 02:11:07.187  INFO [,,,] 12064 --- [SpringContextShutdownHook] o.s.a.r.l.SimpleMessageListenerContainer : Successfully waited for workers to finish.
2023-04-24 02:11:07.189 DEBUG [,,,] 12064 --- [SpringContextShutdownHook] org.springframework.web.SimpLogging      : clientOutboundChannel removed SubProtocolWebSocketHandler[StompSubProtocolHandler[v10.stomp, v11.stomp, v12.stomp]]
2023-04-24 02:11:07.190 DEBUG [,,,] 12064 --- [SpringContextShutdownHook] org.springframework.web.SimpLogging      : clientInboundChannel removed WebSocketAnnotationMethodMessageHandler[prefixes=[/topic/]]
2023-04-24 02:11:07.190  INFO [,,,] 12064 --- [SpringContextShutdownHook] o.s.m.s.b.SimpleBrokerMessageHandler     : Stopping...
2023-04-24 02:11:07.190  INFO [,,,] 12064 --- [SpringContextShutdownHook] o.s.m.s.b.SimpleBrokerMessageHandler     : BrokerAvailabilityEvent[available=false, SimpleBrokerMessageHandler [DefaultSubscriptionRegistry[cache[0 destination(s)], registry[0 sessions]]]]
2023-04-24 02:11:07.191 DEBUG [,,,] 12064 --- [SpringContextShutdownHook] org.springframework.web.SimpLogging      : clientInboundChannel removed SimpleBrokerMessageHandler [DefaultSubscriptionRegistry[cache[0 destination(s)], registry[0 sessions]]]
2023-04-24 02:11:07.192 DEBUG [,,,] 12064 --- [SpringContextShutdownHook] org.springframework.web.SimpLogging      : brokerChannel removed SimpleBrokerMessageHandler [DefaultSubscriptionRegistry[cache[0 destination(s)], registry[0 sessions]]]
2023-04-24 02:11:07.192  INFO [,,,] 12064 --- [SpringContextShutdownHook] o.s.m.s.b.SimpleBrokerMessageHandler     : Stopped.
2023-04-24 02:11:07.193 DEBUG [,,,] 12064 --- [SpringContextShutdownHook] org.springframework.web.SimpLogging      : clientInboundChannel removed UserDestinationMessageHandler[DefaultUserDestinationResolver[prefix=/user/]]
2023-04-24 02:11:07.193 DEBUG [,,,] 12064 --- [SpringContextShutdownHook] org.springframework.web.SimpLogging      : brokerChannel removed UserDestinationMessageHandler[DefaultUserDestinationResolver[prefix=/user/]]
2023-04-24 02:11:07.198  INFO [,,,] 12064 --- [SpringContextShutdownHook] o.a.c.impl.engine.AbstractCamelContext   : Apache Camel 3.5.0 (camel-1) is shutting down
2023-04-24 02:11:07.213  INFO [,,,] 12064 --- [SpringContextShutdownHook] o.a.c.impl.engine.AbstractCamelContext   : Apache Camel 3.5.0 (camel-1) uptime 6 minutes
2023-04-24 02:11:07.214  INFO [,,,] 12064 --- [SpringContextShutdownHook] o.a.c.impl.engine.AbstractCamelContext   : Apache Camel 3.5.0 (camel-1) is shutdown in 0.015 seconds
2023-04-24 02:11:07.216  INFO [,,,] 12064 --- [SpringContextShutdownHook] o.e.jetty.server.AbstractConnector       : Stopped ServerConnector@32e768b{HTTP/1.1, (http/1.1)}{0.0.0.0:8087}
2023-04-24 02:11:07.217  INFO [,,,] 12064 --- [SpringContextShutdownHook] org.eclipse.jetty.server.session         : node0 Stopped scavenging
2023-04-24 02:11:07.219  INFO [,,,] 12064 --- [SpringContextShutdownHook] o.e.j.s.h.ContextHandler.application     : Destroying Spring FrameworkServlet 'dispatcherServlet'
2023-04-24 02:11:07.220  INFO [,,,] 12064 --- [SpringContextShutdownHook] o.e.jetty.server.handler.ContextHandler  : Stopped o.s.b.w.e.j.JettyEmbeddedWebAppContext@8001225{application,/api/v1,[file:///C:/Users/User/AppData/Local/Temp/jetty-docbase.8087.573997772089413837/, jar:file:/C:/Users/User/.m2/repository/io/springfox/springfox-swagger-ui/2.9.2/springfox-swagger-ui-2.9.2.jar!/META-INF/resources],STOPPED}
2023-04-24 02:11:07.260  INFO [,,,] 12064 --- [SpringContextShutdownHook] o.s.s.concurrent.ThreadPoolTaskExecutor  : Shutting down ExecutorService 'brokerChannelExecutor'
2023-04-24 02:11:07.264  INFO [,,,] 12064 --- [SpringContextShutdownHook] o.s.s.c.ThreadPoolTaskScheduler          : Shutting down ExecutorService 'messageBrokerTaskScheduler'
2023-04-24 02:11:07.266  INFO [,,,] 12064 --- [SpringContextShutdownHook] o.s.a.r.l.SimpleMessageListenerContainer : Shutdown ignored - container is not active already
2023-04-24 02:11:07.268  INFO [,,,] 12064 --- [SpringContextShutdownHook] o.s.a.r.l.SimpleMessageListenerContainer : Shutdown ignored - container is not active already
2023-04-24 02:11:07.288  INFO [,,,] 12064 --- [SpringContextShutdownHook] o.s.s.concurrent.ThreadPoolTaskExecutor  : Shutting down ExecutorService 'clientOutboundChannelExecutor'
2023-04-24 02:11:07.290  INFO [,,,] 12064 --- [SpringContextShutdownHook] o.s.s.concurrent.ThreadPoolTaskExecutor  : Shutting down ExecutorService 'clientInboundChannelExecutor'
2023-04-24 02:11:07.293  INFO [,,,] 12064 --- [SpringContextShutdownHook] j.LocalContainerEntityManagerFactoryBean : Closing JPA EntityManagerFactory for persistence unit 'default'
2023-04-24 02:11:07.317  INFO [,,,] 12064 --- [SpringContextShutdownHook] com.zaxxer.hikari.HikariDataSource       : HikariPool-1 - Shutdown initiated...
